asset_name	android_source	sha256	width	height
language_success_two	../android/app/src/main/res/drawable/minik_plus_success2.webp	d7a8e3295a2f20e970af309f48ad77c1636c742f529421fed50ad2540f16cbf9	969	1244
language_success_streak	../android/app/src/main/res/drawable/minik_plus_success3.webp	f59232c42ab38d779f010abe570f54d3857a9b994e8946b77fcfcf2a5f65bce7	836	1147
language_stat_star	../android/app/src/main/res/drawable/star.webp	cd0655ff974e3faa08a4a75d84778e5deafdc0e9eaaca938baa2e9246c8a7d4f	350	333
language_star_1	../android/app/src/main/res/drawable/minik_star1.png	eb41d54339ec911d936733cf44b4bab08c4431bb53a23dec456942f01b8e0115	74	76
language_star_2	../android/app/src/main/res/drawable/minik_star2.png	b57b3b4822266edf187a24777d37b63f6ed0512f0b4a6c07244abb4d0a4a1c62	63	70
language_star_3	../android/app/src/main/res/drawable/minik_star3.png	0637324f5b98d7aa6c39f335119feafd3374b43db8c5a856eebda14e62b2045c	88	84
language_star_4	../android/app/src/main/res/drawable/minik_star4.png	24559d237063b70a428515b7402068c7d3e297977f5777f750ddb9db2185a8a7	73	66
language_star_5	../android/app/src/main/res/drawable/minik_star5.png	bc6a23dfce240ea8d6aa6ab32843a7599caa345978dac959c393dc40b3b68b6f	77	84
language_star_6	../android/app/src/main/res/drawable/minik_star6.png	82a9c574139fd3d29caa288af01c68a6622147f95c5811648f82f020b54e71b3	76	75
language_star_7	../android/app/src/main/res/drawable/minik_star7.png	6a2b138886b83a76d96d100059112eb598cf0c5cdb7069860e555280bfbf5c5f	61	65
language_star_face_1	../android/app/src/main/res/drawable/minik_star_with_face1.png	999c563566d6853c6027566dd5e244f4072898a5547b5492f98bc9adb86f94b3	438	424
language_star_face_2	../android/app/src/main/res/drawable/minik_star_with_face2.png	954decd313302e105235b1c64f42675b5898aeca7f7a08cce551eb9bed975ffd	438	425
language_star_face_3	../android/app/src/main/res/drawable/minik_star_with_face3.png	6f11f3cb5d67e459db93150f81d4d274348db58838b69c67c284f86f00c79ab0	434	420
language_star_face_4	../android/app/src/main/res/drawable/minik_star_with_face4.png	a8a71ad8405d7d6daa052ccc5f3a8099184598ae51563acd09f3e7a31bc00d3c	436	423
language_star_face_5	../android/app/src/main/res/drawable/minik_star_with_face5.png	72f61348eb961395661fbe8c295eabdd7e8fd1ae28a5b68b564a31fb631e42a0	435	421
language_star_face_6	../android/app/src/main/res/drawable/minik_star_with_face6.png	195df7d36e1aeb7ffa8b02a11aae10122885ef423958abeb2bf7be1e397eedc5	438	424
language_star_face_7	../android/app/src/main/res/drawable/minik_star_with_face7.png	0cf92b1a256ca9c058ff35007dbdf849b77fda9be5f3265e26af1023ba122655	436	423
