activity_id	android_behavior_source	android_visual_reference	menu_artwork	menu_provenance	menu_section	session_type	learned_language_speech	interface_speech	progress_reward_policy	retry_policy	lifecycle	accessibility	rtl_ltr	runtime_gate
learn	../android/app/src/main/java/com/minik/minik/fragments/LearnScreen.kt	docs/reference/android-ui/13-language-learn-letter-b-banana.png;../android/app/src/main/res/layout/fragment_learn.xml	minik_activity_learn_english|minik_activity_learn_hebrew	learning_minik_plus_logo.webp|learning_minik_plus_logo_heb.webp	letters	LearnSession(language presentation)	letter then example word plus replay	none	ungraded_no_attempt	continuous alphabet loop	stop speech on background and exit	semantic card/replay/next controls	learned text direction metadata	pending: iPhone/iPad visual, speech, VoiceOver, Dynamic Type, RTL/LTR, and decorative-art review
letterPairs	../android/app/src/main/java/com/minik/minik/fragments/LetterPairsFragment.kt	docs/reference/android-ui/07-language-letter-pairs.png;../android/app/src/main/res/layout/fragment_letter_pairs.xml	minik_activity_pairs	cards_menu_image.webp	letters	PairsSession(language mixed board)	accepted selected tile word	none	graded_pair_attempts_and_android_points	wrong pair clears and fresh board follows completion	stop speech on background and exit	any-two semantic tile selection and spoken labels	learned representation direction metadata	pending: iPhone/iPad board, speech, feedback, VoiceOver/Switch Control, RTL/LTR, and visual review
firstLetterChoices	../android/app/src/main/java/com/minik/minik/fragments/WriteScreen.kt	docs/reference/android-ui/03-language-first-letter-picture-to-letter.png;../android/app/src/main/res/layout/fragment_write.xml	minik_activity_first_letter_english|minik_activity_first_letter_hebrew	minik_starters_eng.webp|minik_starters.webp	letters	MultipleChoiceSession(firstLetterPictureToLetter)	prompt word and accepted initial	none	graded_shared_outcome_dispatch	retry same challenge until correct	cancel speech and delayed feedback on background and exit	pictured word plus semantic letter controls	prompt and choice direction metadata	pending: image rendering, speech, feedback timing, VoiceOver, Dynamic Type, RTL/LTR, and visual review
firstLetterPictures	../android/app/src/main/java/com/minik/minik/fragments/WriteScreen.kt	docs/reference/android-ui/04-language-first-letter-letter-to-picture.png;../android/app/src/main/res/layout/fragment_write.xml	minik_activity_first_letter_english|minik_activity_first_letter_hebrew	minik_starters_eng.webp|minik_starters.webp	letters	MultipleChoiceSession(firstLetterLetterToPicture)	prompt initial and selected learned word	none	graded_shared_outcome_dispatch	retry same challenge until correct	cancel speech and delayed feedback on background and exit	semantic prompt and pictured-word choices	prompt and choice direction metadata	pending: image grid, speech, feedback timing, VoiceOver, Dynamic Type, RTL/LTR, and visual review
mixed	../android/app/src/main/java/com/minik/minik/fragments/ButtonsMenuFragment.kt;../android/app/src/main/java/com/minik/minik/fragments/WriteScreen.kt	docs/reference/android-ui/01-language-word-to-picture-pea.png;docs/reference/android-ui/02-language-picture-to-word-pig.png;docs/reference/android-ui/06-language-build-word-hebrew.png;../android/app/src/main/res/layout/fragment_write.xml	minik_activity_mixed	pairs_image.webp	words	LanguageMixedPracticeSession(20/10/5 typed children)	active choice/build child speech	none	graded_mixed_attempts_and_android_child_rewards_no_write_auto	retry within active child identity then advance schedule on real transition	cancel active child speech and transitions on background and exit	child-specific prompts, choices, and token actions	active child direction metadata	pending: full 20/10/5 cycle, transitions, speech, interaction, VoiceOver, RTL/LTR, and visual review
wordBuild	../android/app/src/main/java/com/minik/minik/fragments/WriteScreen.kt	docs/reference/android-ui/06-language-build-word-hebrew.png;../android/app/src/main/res/layout/fragment_write.xml	minik_activity_build|minik_activity_build_hebrew	minik_plus_letters_drag_logo.webp|minik_plus_letters_drag_logo_heb.webp	words	BuildSession(word presentation)	target/replay and accepted letters	none	graded_semantic_token_attempts	wrong token stays available; correct token advances	cancel speech and pending transitions on background and exit	semantic token labels plus tap/drag alternatives	target, tokens, and built word use learned direction	pending: tap/drag, duplicates, multiword speech, VoiceOver/Switch Control, RTL/LTR, and visual review
imageToWord	../android/app/src/main/java/com/minik/minik/fragments/WriteScreen.kt	docs/reference/android-ui/02-language-picture-to-word-pig.png;../android/app/src/main/res/layout/fragment_write.xml	minik_activity_picture_to_word	minik_plus_answers_in_words_logo_heb.webp	words	MultipleChoiceSession(pictureToWord)	prompt/replay and learned-word choices	none	graded_shared_outcome_dispatch	retry same challenge until correct	cancel speech and delayed feedback on background and exit	actual pictured word plus semantic text choices	learned word choice direction metadata	pending: image/long-word layout, speech, feedback, VoiceOver, Dynamic Type, RTL/LTR, and visual review
wordToImage	../android/app/src/main/java/com/minik/minik/fragments/WriteScreen.kt	docs/reference/android-ui/01-language-word-to-picture-pea.png;../android/app/src/main/res/layout/fragment_write.xml	minik_activity_word_to_picture	words_in_pictures_logo_heb.webp	words	MultipleChoiceSession(wordToPicture)	prompt/replay and pictured choice words	none	graded_shared_outcome_dispatch	retry same challenge until correct	cancel speech and delayed feedback on background and exit	semantic learned-word prompt and pictured choices	prompt and choice direction metadata	pending: image grid/long-word layout, speech, feedback, VoiceOver, Dynamic Type, RTL/LTR, and visual review
wordCards	../android/app/src/main/java/com/minik/minik/fragments/RandomWordCardsFragment.kt	docs/reference/android-ui/05-language-word-cards-corn.png;../android/app/src/main/res/layout/fragment_random_word_cards.xml	minik_activity_cards|minik_activity_cards_hebrew	minik_plus_cards.webp|minik_plus_cards_heb.webp	words	CardsSession	current learned word on every presentation	none	ungraded_no_attempt	manual or identity-guarded timed continuous shuffled bag	cancel timer and speech on background and exit	card, replay, manual advance, and close semantics	learned text direction metadata	pending: manual/timer race on device, speech, card fit, VoiceOver, Dynamic Type, RTL/LTR, and visual review
soccer	../android/app/src/main/java/com/minik/minik/fragments/LettersSoccerGame.kt	docs/reference/android-ui/08-soccer-instructions.png;docs/reference/android-ui/09-soccer-gameplay.png;../android/app/src/main/res/layout/fragment_letters_soccer.xml	minik_activity_soccer	minik_plus_soccer.webp	games	LanguageSoccerPracticeSession/SoccerSession	target word/replay and kicked token	localized first-three introduction	graded_specialized_semantic_token_attempts	wrong token remains; retry index bound to presentation identity	cancel shot task and all speech on background and exit	semantic ball labels/hints and locked shot interaction	tokens and built word use learned direction	pending: intro persistence, speech/audio, shot timing, VoiceOver, Reduce Motion, RTL/LTR, and visual review
tower	../android/app/src/main/java/com/minik/minik/fragments/LettersTowerFragment.kt	docs/reference/android-ui/11-language-alphabet-blocks.png;../android/app/src/main/res/layout/fragment_letters_tower.xml	minik_activity_tower	plus_letters_tower.webp	games	LanguageTowerPracticeSession/TowerSession	target/replay, token, and final word	none	graded_specialized_semantic_token_attempts	wrong token remains; retry index bound to presentation identity	cancel transitions and speech on background and exit	semantic block labels with tap/drag alternatives	target, blocks, and built word use learned direction	pending: drag/drop, speech sequence, VoiceOver/Switch Control, Reduce Motion, RTL/LTR, and visual review
wordMemory	../android/app/src/main/java/com/minik/minik/fragments/MemoryGameFragment.kt	docs/reference/android-ui/10-language-picture-memory.png;../android/app/src/main/res/layout/fragment_memory_game.xml	minik_activity_memory	minik_plus_memory.webp	games	MemorySession(six image pairs)	exact-once accepted card reveal	none	graded_pair_attempts	incorrect pair turns down after continue; matches persist to completion	stop reveal speech on background and exit	face-down/up/matched labels, values, and hints	semantic speech metadata; spatial grid remains stable	pending: card proportions/grid, reveal speech, feedback, VoiceOver/Switch Control, RTL/LTR, and visual review
ticTacToe	../android/app/src/main/java/com/minik/minik/fragments/TicTacToeFragment.kt	docs/reference/android-ui/12-tic-tac-toe.png;../android/app/src/main/res/layout/fragment_tic_tac_toe.xml	minik_activity_tic_tac_toe	minik_plus_tic_tac_toe.webp	games	TicTacToeSession	none	localized introduction/results/next round	ungraded_no_attempt	continuous automatic next round; mark unlocks while hidden cumulative score persists	cancel result/blink/confetti and speech/audio on exit	row/column/mark labels and locked-state hints	spatial board forced LTR under RTL interface	pending: levels/AI runtime, speech/audio/timing, hidden-score UI guard, mascot/board layout, VoiceOver, Reduce Motion, RTL interface, and visual review
