ios_asset	ios_file	source_app	source_path	source_sha256	use
minik_pretty_logo_math	minik_pretty_logo_math.png	Minik Math Plus Android	../../MinikMathPlus/app/src/main/res/drawable-nodpi/math_plus_logo.webp	AB2A05AC4107BFC5A14E463523D04C35EA6D83FE0C12EFE2A215A208F838A22E	Minik Math logo (hub, Parent Area)
minik_pretty_logo_plus	minik_pretty_logo_plus.png	Minik Plus Android	../../Minik/app/src/main/res/drawable-nodpi/minik_logo_pretty_plus.webp	010AFC48B63402FA55306EAD528372B111C0D8B171C6F9978335B4351E8A1624	MINIK+plus logo (Language intro and menu, Parent Area)
minik_pretty_menu_cat_abc_book	minik_pretty_menu_cat_abc_book.png	Minik Plus Android	../../Minik/app/src/main/res/drawable-nodpi/menu_cat_abc_book.webp	729F285F4B69211AE1039077738D586E191BFD1534EF627ECC8163EED014020A	Language menu card art: cat abc book
minik_pretty_menu_cat_blocks	minik_pretty_menu_cat_blocks.png	Minik Plus Android	../../Minik/app/src/main/res/drawable-nodpi/menu_cat_blocks.webp	9689AD3F2DEFB6478E3FD127C7F7DDA640477E1FCCA7AA80CFC3C41DC30ACFDF	Language menu card art: cat blocks
minik_pretty_menu_cat_hebrew_book	minik_pretty_menu_cat_hebrew_book.png	Minik Plus Android	../../Minik/app/src/main/res/drawable-nodpi/menu_cat_hebrew_book.webp	47ADC28399A55E95A6B967FEE9D39BA98E8C6BB9FD402FCFBFEFE1DE35447EBD	Language menu card art: cat hebrew book
minik_pretty_menu_cat_pencil	minik_pretty_menu_cat_pencil.png	Minik Plus Android	../../Minik/app/src/main/res/drawable-nodpi/menu_cat_pencil.webp	76573CDC41B2A4427ADDD2B06D86CD0AB9668E69C23317E5E0BD2BA2E0F3AD25	Language menu card art: cat pencil
minik_pretty_menu_cat_star_paper	minik_pretty_menu_cat_star_paper.png	Minik Plus Android	../../Minik/app/src/main/res/drawable-nodpi/menu_cat_star_paper.webp	9268638CD36DBFD7F4968F19A0E349C42D5BAF3C6967C468F322B6600A6E5BBC	Language menu card art: cat star paper
minik_pretty_menu_first_letter_choices_en	minik_pretty_menu_first_letter_choices_en.png	Minik Plus Android	../../Minik/app/src/main/res/drawable-nodpi/menu_first_letter_choices_en.webp	B07DF819313F2D7F456BB49BB9F25D0DCDD847385C349F6CE874658D21A89C7E	Language menu card art: first letter choices en
minik_pretty_menu_first_letter_choices_he	minik_pretty_menu_first_letter_choices_he.png	Minik Plus Android	../../Minik/app/src/main/res/drawable-nodpi/menu_first_letter_choices_he.webp	07D1BA7DFC7BC185FB0C45B2214E1A8F7C63EF4E9D2F3B6200799EBB86D8A588	Language menu card art: first letter choices he
minik_pretty_menu_first_letter_pictures_en	minik_pretty_menu_first_letter_pictures_en.png	Minik Plus Android	../../Minik/app/src/main/res/drawable-nodpi/menu_first_letter_pictures_en.webp	90346C69D84693C5B4591E34D94F503A511BA52A6DD9F711188A656DC1653CF3	Language menu card art: first letter pictures en
minik_pretty_menu_first_letter_pictures_he	minik_pretty_menu_first_letter_pictures_he.png	Minik Plus Android	../../Minik/app/src/main/res/drawable-nodpi/menu_first_letter_pictures_he.webp	AD317D7621622437B1BAAE541F41DE7DD988C2B3E0D7A76BDA7DFE019C2370A9	Language menu card art: first letter pictures he
minik_pretty_menu_flash_cards	minik_pretty_menu_flash_cards.png	Minik Plus Android	../../Minik/app/src/main/res/drawable-nodpi/menu_flash_cards.webp	E50C88C119FDE234CAF92D5FEFA6AEE213BBA4EA57D25E4ACAD154EE3D51C595	Language menu card art: flash cards
minik_pretty_menu_icon_abc	minik_pretty_menu_icon_abc.png	Minik Plus Android	../../Minik/app/src/main/res/drawable-nodpi/menu_icon_abc.webp	57AD90993D21371CB97FCBCCA429198F4F6DD3EC9395F7C1FE6C3643D0D831B7	Language menu card art: icon abc
minik_pretty_menu_icon_alef_bet	minik_pretty_menu_icon_alef_bet.png	Minik Plus Android	../../Minik/app/src/main/res/drawable-nodpi/menu_icon_alef_bet.webp	2FE2555E130C03C2B0A59FA4F023006AD85CE9A9B1B6A7E39CCF92EC96488102	Language menu card art: icon alef bet
minik_pretty_menu_icon_book	minik_pretty_menu_icon_book.png	Minik Plus Android	../../Minik/app/src/main/res/drawable-nodpi/menu_icon_book.webp	ED638430D56EA4B669B72FA714D47262AD7036D4C9720CC08129FB4FA0BCC0FA	Language menu card art: icon book
minik_pretty_menu_icon_games	minik_pretty_menu_icon_games.png	Minik Plus Android	../../Minik/app/src/main/res/drawable-nodpi/menu_icon_games.webp	C163C03018A6F807DC407AE3869CB24AEAA7C399463DEEA68936C12D0DA50F58	Language menu card art: icon games
minik_pretty_menu_memory	minik_pretty_menu_memory.png	Minik Plus Android	../../Minik/app/src/main/res/drawable-nodpi/menu_memory.webp	3E1E407093C3DFAA7E39660C1097E8166FCB9C3C5D53D3974719D2130DBB7450	Language menu card art: memory
minik_pretty_menu_pairs	minik_pretty_menu_pairs.png	Minik Plus Android	../../Minik/app/src/main/res/drawable-nodpi/menu_pairs.webp	330650185C355E9A3B7E2867A8E4896F8F0844FC011E0EA61B47CB776508EF42	Language menu card art: pairs
minik_pretty_menu_picture_answers	minik_pretty_menu_picture_answers.png	Minik Plus Android	../../Minik/app/src/main/res/drawable-nodpi/menu_picture_answers.webp	42CEEBA7E7CADFC091E9DFDFA183902DC543B3900BF52A0B23E3CAFD6BC60B8D	Language menu card art: picture answers
minik_pretty_menu_soccer	minik_pretty_menu_soccer.png	Minik Plus Android	../../Minik/app/src/main/res/drawable-nodpi/menu_soccer.webp	3149F50578FA1B4429DF16C6C3E24ECDE94327A8C5FA7644CE744E52AF7462CD	Language menu card art: soccer
minik_pretty_menu_tic_tac_toe	minik_pretty_menu_tic_tac_toe.png	Minik Plus Android	../../Minik/app/src/main/res/drawable-nodpi/menu_tic_tac_toe.webp	34F30BD71434E61023163669CD69EC8E800CDC07F1AFFA271065294089833F5E	Language menu card art: tic tac toe
minik_pretty_menu_tower	minik_pretty_menu_tower.png	Minik Plus Android	../../Minik/app/src/main/res/drawable-nodpi/menu_tower.webp	D869129887216239CBC6B5687BA9F661BA90823CEFD9791C7ECFB0D2A607478E	Language menu card art: tower
minik_pretty_sky	minik_pretty_sky.jpg	Minik Plus Android	../../Minik/app/src/main/res/drawable-nodpi/minik_sky_background.webp	BDD8EBC6BD91596D21FB3FE463288A4B9932CE94F75974C867FF3E50A74AAE2B	Sky background, phones
minik_pretty_sky_tablet	minik_pretty_sky_tablet.jpg	Minik Plus Android	../../Minik/app/src/main/res/drawable-sw600dp-nodpi/minik_sky_background.webp	EA027801AD6399A58D4EF9A68FC65F6FB5EE543AB41F4CB7DB427FDFF1C955B4	Sky background, iPad
minik_pretty_welcome	minik_pretty_welcome.png	Minik Plus Android	../../Minik/app/src/main/res/drawable-nodpi/minik_plus_welcome_sky.webp	D2B95A8DB1E2F49FB3AEA8595ACEDB6776AEB3BD19A86A6C1462225293189B1D	Welcome Minik on the rainbow (intro, Math level card)
