ios_asset	android_source_path	android_source_filename	activity_or_use	source_sha256	sharing
minik_activity_build	../android/app/src/main/res/drawable/minik_plus_letters_drag_logo.webp	minik_plus_letters_drag_logo.webp	Build Word - English	9C26770544781C6DDC2909A10E243DAE2CCFAE3FF9F079434B3BAB5648F64B7F	language-specific original
minik_activity_build_hebrew	../android/app/src/main/res/drawable/minik_plus_letters_drag_logo_heb.webp	minik_plus_letters_drag_logo_heb.webp	Build Word - Hebrew	8091A5721BC4C904E162823E09BFD79A92ED4D3109E023121AAED9AA0E00474C	language-specific original
minik_activity_cards	../android/app/src/main/res/drawable/minik_plus_cards.webp	minik_plus_cards.webp	Word Cards - English	0DDB0D8367BF42A7B196A74ED6275B5E8B06B0C1EFE2CDAAB0CFD1C7EAA5A8C4	language-specific original
minik_activity_cards_hebrew	../android/app/src/main/res/drawable/minik_plus_cards_heb.webp	minik_plus_cards_heb.webp	Word Cards - Hebrew	41355E9AE6EE8909E4A3EE77579E2FE5506CDEBAA899EBCBACE27C3AF1265BFD	language-specific original
minik_activity_choice	../android/app/src/main/res/drawable/choose.webp	choose.webp	Internal generic choice fallback only	6871587F8CF94AF89ABD07B0E59279EDC42F24B735827160AA34BB4B180AC25B	not used by a production Language menu item
minik_activity_first_letter_english	../android/app/src/main/res/drawable/minik_starters_eng.webp	minik_starters_eng.webp	First Letter both directions - English	56F3378D587CBAE6FACD6BD10589E85FDC988EDDD627FB524F2D471A2236EEB4	intentionally shared by Android
minik_activity_first_letter_hebrew	../android/app/src/main/res/drawable/minik_starters.webp	minik_starters.webp	First Letter both directions - Hebrew	9AE0784566DCC29B79810988ABDA605870127DBC9908230F301BC207BF226ACB	intentionally shared by Android
minik_activity_learn_english	../android/app/src/main/res/drawable/learning_minik_plus_logo.webp	learning_minik_plus_logo.webp	Learn Letters - English	25EC377D89FC05B9A9B02407B3F467F918B03D9A2C811DC1649564215226FB41	language-specific original
minik_activity_learn_hebrew	../android/app/src/main/res/drawable/learning_minik_plus_logo_heb.webp	learning_minik_plus_logo_heb.webp	Learn Letters - Hebrew	71C4DFEEADB13784200AA9516604A45D066A6FD64395D8DCFF25A16FB0D460FA	language-specific original
minik_activity_memory	../android/app/src/main/res/drawable/minik_plus_memory.webp	minik_plus_memory.webp	Picture Memory	F1215262B51A7FBF29E465B0BB87AE2AB004170D7F8FFBAA8A99E8BA16751409	exact original
minik_activity_mixed	../android/app/src/main/res/drawable/pairs_image.webp	pairs_image.webp	Mixed menu / Word Cards mascot	E351D3C1B4429A3B91B9E08198E40585754466FA74B0F34190E3071038C34A38	intentional Android reuse across menu and Cards screen
minik_activity_pairs	../android/app/src/main/res/drawable/cards_menu_image.webp	cards_menu_image.webp	Letter Pairs	BF79AFCC8D4A01A2890EF01C9AA1E924BFCE55DC732CDB71322297455F9EBD97	exact original
minik_activity_picture_to_word	../android/app/src/main/res/drawable/minik_plus_answers_in_words_logo_heb.webp	minik_plus_answers_in_words_logo_heb.webp	Picture to Word	0133B549873EC5AF855A9F268813BB3614F9A20C27BC07DA03E65B2EBB4E1BEA	exact original shared across learned languages by Android
minik_activity_soccer	../android/app/src/main/res/drawable/minik_plus_soccer.webp	minik_plus_soccer.webp	Soccer	C5283247EB2B3D917A2EC71EA509117266F5D17FFDF298DF083EAF33D1B2C2BD	exact original
minik_activity_tic_tac_toe	../android/app/src/main/res/drawable/minik_plus_tic_tac_toe.webp	minik_plus_tic_tac_toe.webp	Tic-Tac-Toe	9E3582BCA8A39FE37719165F2126D429FE5602B64D97B17F894F317CCE5E04CC	exact original
minik_activity_tower	../android/app/src/main/res/drawable/plus_letters_tower.webp	plus_letters_tower.webp	Tower / Alphabet Blocks	36045CE975797EF7498B16E1F7E82901F31DD1CCD89D471AE8AEC19A328A867A	exact original
minik_activity_word_to_picture	../android/app/src/main/res/drawable/words_in_pictures_logo_heb.webp	words_in_pictures_logo_heb.webp	Word to Picture	C93F0E07C87A2A907DD93F35AF595CF4A9BFDE740728F8F994AC6DF4DBA18EFC	exact original shared across learned languages by Android
minik_background	../android/app/src/main/res/drawable/minik_background.webp	minik_background.webp	Shared Minik frame/background	C2CD6457471CE86FAC44B82CBA0301E188CD2C39EEB45B9184B8A9B6D7823489	exact original
minik_cards_background	../android/app/src/main/res/drawable/cards_background.jpeg	cards_background.jpeg	Word Cards sky/meadow background	EFD0F24A174ABF6039A9D20C5D67F148823ABBF02E023AAE4EF0AD615543C73F	exact original
minik_close	../android/app/src/main/res/drawable/minik_close_button.webp	minik_close_button.webp	Shared close control	B5C1826926860DD2398F4884FAD3B1732473E1C800DCF9AA2257AB4D212888ED	exact original
minik_feedback_success	../android/app/src/main/res/drawable/minik_plus_success.webp	minik_plus_success.webp	Shared correct feedback	E18D03622D3B4D3DDFA7EDEC37D51FD26250A8D98DFCDEE5ED6DF4B3AAB28611	exact original
minik_feedback_try_again	../android/app/src/main/res/drawable/minik_plus_try_again.webp	minik_plus_try_again.webp	Shared incorrect feedback	CA978449BFFC9F76673ED47B0DFCB9C577D04D58E4195D042E2C25181452CE98	exact original
minik_home	../android/app/src/main/res/drawable/go_back_home.png	go_back_home.png	Home navigation control	3DF00006904934D03DC6CD12FC047B512B920584DB2531D9C2725A83F7ED6ADE	exact original
minik_logo	../android/app/src/main/res/drawable/minik_plus_logo_small.png	minik_plus_logo_small.png	Shared Minik Plus branding	B57EFFB23ABA6F94A35A6C78E0239EB0FC422D363CDCB92C3966D4039D026D09	exact original
minik_memory_mascot	../android/app/src/main/res/drawable/minik_boy.webp	minik_boy.webp	Picture Memory mascot	D08549044688F1BF1220D90D4A60C70F27F8D733E27376423B7896B19CA7E592	exact original
minik_memory_scene	../android/app/src/main/res/drawable/plus_background.webp	plus_background.webp	Picture Memory pastel panel scene	9FC9627707DDB0A884BF94FFC297DAA7E374DF9FDCBDC278D794229CD81D1C18	exact decoded pixels
minik_soccer_ball	../android/app/src/main/res/drawable/soccer_ball.webp	soccer_ball.webp	Soccer gameplay shot	840A1500C40820E723C5F7AC2EC2CD4B88D81BE0C3FF26950BD73FF655130E31	exact original
minik_soccer_field	../android/app/src/main/res/drawable/minik_soccer_field_new.png	minik_soccer_field_new.png	Soccer field	B6ED473719670528919609A2B31779FC7638A9C4BB8D37139B371A8AAC34D157	exact original
minik_soccer_goal	../android/app/src/main/res/drawable/mink_gate_new.webp	mink_gate_new.webp	Soccer goal	95334A8ECB61CA654FEE61B1238CE544BE41BFD69C7B9E336A56C1414DADAA9D	exact decoded pixels
minik_soccer_goalie	../android/app/src/main/res/drawable/minik_plus_goalie.webp	minik_plus_goalie.webp	Soccer goalkeeper and instructions	15EF4FC1E9BF3E9B92FC504A0AD82602AECE37123E1581EB6A5754D1026A1EB2	exact original
minik_speaker	../android/app/src/main/res/drawable/speaker.webp	speaker.webp	Shared replay control	04831B7A5DD881FF2E5DA87B23EB7640B750D6D78A983DF70E5F584072F078D7	exact original
minik_tower_mascot	../android/app/src/main/res/drawable/minik_plus_tower_sitting.webp	minik_plus_tower_sitting.webp	Tower mascot	E0B4EB1BFD4C18C9BCE34AD3320948A359FF2AEC09D0741D15B1DBF2AB01A993	exact original
minik_tower_sand	../android/app/src/main/res/drawable/sand2.webp	sand2.webp	Tower lower sand footer	6C00D2649A40103B7DE25BCAA84F9C8F111444509145612FDA89DC62FB4834C0	exact original
minik_tower_sand_pile	../android/app/src/main/res/drawable/send_pile.webp	send_pile.webp	Tower lower beach decoration	E15367C6E5D9B7573E938BE958C8EF61F6B2F32376FAD86A657F95B52B614918	exact original
minik_tower_scene	../android/app/src/main/res/drawable/plus_background.webp	plus_background.webp	Tower pastel scene	9FC9627707DDB0A884BF94FFC297DAA7E374DF9FDCBDC278D794229CD81D1C18	exact decoded original
minik_tic_tac_toe_mascot	../android/app/src/main/res/drawable/minik_plus_with_tic_tac_toe.webp	minik_plus_with_tic_tac_toe.webp	Tic-Tac-Toe board-holding gameplay mascot	8745818C593BC3EE0D216C02E2C12EE2DCC3BA5EE82C9594AAD95F01568146D4	exact decoded pixels; 363x411 canvas and visible bounds
minik_tic_tac_toe_scene	../android/app/src/main/res/drawable/plus_background.webp	plus_background.webp	Tic-Tac-Toe pastel panel scene	9FC9627707DDB0A884BF94FFC297DAA7E374DF9FDCBDC278D794229CD81D1C18	exact decoded original
minik_trophy	../android/app/src/main/res/drawable/trophy.webp	trophy.webp	Records and achievements	203994E0BDB5EE5CC8EF269A11D47710D933AA4958233DE2805DD5B25385824F	exact original
minik_welcome	../android/app/src/main/res/drawable/minik_plus_welcome.webp	minik_plus_welcome.webp	Legacy welcome decoration; not Home header navigation	9E848DB1ED6B1E364B0A78F70B01FBBDE70A3B6489627A509E5CF606DEF90F7D	exact original
minik_language_logo	../android/app/src/main/res/drawable/minik_plus_logo.webp	minik_plus_logo.webp	Language Intro, menu, Cards and Pairs full wordmark	668C20AA0B6197880E6CEE73410DDDC085465BE9CF96D9B6CB9141D3CA9938F1	exact decoded pixels; separate from shared pencil mascot
