stableKey	assetKey	androidSourcePath	sourceFormat	sourceWidth	sourceHeight	sourceHasAlpha	sourceHasTransparency	outputPath	outputWidth	outputHeight	outputHasAlpha	outputHasTransparency	sourceBytes	outputBytes	status
school_abacus	abacus	android\app\src\main\res\drawable\abacus.webp	WEBP	326	252	True	True	Resources\LanguageImages.xcassets\abacus.imageset\abacus.png	326	252	True	True	26316	118165	success
jobs_accountant	accountant	android\app\src\main\res\drawable\accountant.webp	WEBP	769	765	True	True	Resources\LanguageImages.xcassets\accountant.imageset\accountant.png	769	765	True	True	256490	982953	success
jobs_actor	actor	android\app\src\main\res\drawable\actor.webp	WEBP	217	352	True	True	Resources\LanguageImages.xcassets\actor.imageset\actor.png	217	352	True	True	10108	47522	success
home_air_conditioner	air_conditioner	android\app\src\main\res\drawable\air_conditioner.webp	WEBP	287	275	True	True	Resources\LanguageImages.xcassets\air_conditioner.imageset\air_conditioner.png	287	275	True	True	20696	69348	success
animals_alligator	alligator	android\app\src\main\res\drawable\alligator.webp	WEBP	441	401	True	True	Resources\LanguageImages.xcassets\alligator.imageset\alligator.png	441	401	True	True	29138	154210	success
colors_amber	amber	android\app\src\main\res\drawable\amber.webp	WEBP	318	486	True	True	Resources\LanguageImages.xcassets\amber.imageset\amber.png	318	486	True	True	13876	89354	success
fruits_apricot	apricot	android\app\src\main\res\drawable\apricot.webp	WEBP	293	302	True	True	Resources\LanguageImages.xcassets\apricot.imageset\apricot.png	293	302	True	True	13436	89478	success
jobs_architect	architect	android\app\src\main\res\drawable\architect.webp	WEBP	747	772	True	True	Resources\LanguageImages.xcassets\architect.imageset\architect.png	747	772	True	True	231266	873407	success
shapes_arrow	arrow	android\app\src\main\res\drawable\arrow.webp	WEBP	432	271	True	True	Resources\LanguageImages.xcassets\arrow.imageset\arrow.png	432	271	True	True	6732	29941	success
vegetables_artichoke	artichoke	android\app\src\main\res\drawable\artichoke.webp	WEBP	384	508	True	True	Resources\LanguageImages.xcassets\artichoke.imageset\artichoke.png	384	508	True	True	38450	253541	success
jobs_artist	artist	android\app\src\main\res\drawable\artist.webp	WEBP	610	690	True	True	Resources\LanguageImages.xcassets\artist.imageset\artist.png	610	690	True	True	170036	664118	success
vegetables_arugula	arugula	android\app\src\main\res\drawable\arugula.webp	WEBP	548	398	True	True	Resources\LanguageImages.xcassets\arugula.imageset\arugula.png	548	398	True	True	62366	277428	success
fruits_avocado	avocado	android\app\src\main\res\drawable\avocado.webp	WEBP	364	314	True	True	Resources\LanguageImages.xcassets\avocado.imageset\avocado.png	364	314	True	True	16726	105508	success
people_baby	baby	android\app\src\main\res\drawable\baby.webp	WEBP	200	257	True	True	Resources\LanguageImages.xcassets\baby.imageset\baby.png	200	257	True	True	6792	34923	success
school_bag	bag	android\app\src\main\res\drawable\bag.webp	WEBP	304	325	True	True	Resources\LanguageImages.xcassets\bag.imageset\bag.png	304	325	True	True	18800	92773	success
jobs_baker	baker	android\app\src\main\res\drawable\baker.webp	WEBP	325	382	True	True	Resources\LanguageImages.xcassets\baker.imageset\baker.png	325	382	True	True	15754	76010	success
home_balcony	balcony	android\app\src\main\res\drawable\balcony.webp	WEBP	688	636	True	True	Resources\LanguageImages.xcassets\balcony.imageset\balcony.png	688	636	True	True	148824	551048	success
shapes_ball	ball	android\app\src\main\res\drawable\ball.webp	WEBP	124	123	True	True	Resources\LanguageImages.xcassets\ball.imageset\ball.png	124	123	True	True	3040	16746	success
other_balloon	balloon	android\app\src\main\res\drawable\balloon.webp	WEBP	201	464	True	True	Resources\LanguageImages.xcassets\balloon.imageset\balloon.png	201	464	True	True	7912	33081	success
school_barometer	barometer	android\app\src\main\res\drawable\barometer.webp	WEBP	757	919	True	True	Resources\LanguageImages.xcassets\barometer.imageset\barometer.png	757	919	True	True	226072	974466	success
home_basket	basket	android\app\src\main\res\drawable\basket.webp	WEBP	329	319	True	True	Resources\LanguageImages.xcassets\basket.imageset\basket.png	329	319	True	True	33462	154595	success
shapes_basketball	basketball	android\app\src\main\res\drawable\basketball.webp	WEBP	159	160	True	True	Resources\LanguageImages.xcassets\basketball.imageset\basketball.png	159	160	True	True	9042	46015	success
home_bathtub	bathtub	android\app\src\main\res\drawable\bathtub.webp	WEBP	341	308	True	True	Resources\LanguageImages.xcassets\bathtub.imageset\bathtub.png	341	308	True	True	15004	67861	success
shapes_beach_ball	beach_ball	android\app\src\main\res\drawable\beach_ball.webp	WEBP	140	140	True	True	Resources\LanguageImages.xcassets\beach_ball.imageset\beach_ball.png	140	140	True	True	6106	26951	success
school_beaker	beaker	android\app\src\main\res\drawable\beaker.webp	WEBP	631	824	True	True	Resources\LanguageImages.xcassets\beaker.imageset\beaker.png	631	824	True	True	192040	649636	success
vegetables_bean	bean	android\app\src\main\res\drawable\bean.webp	WEBP	430	353	True	True	Resources\LanguageImages.xcassets\bean.imageset\bean.png	430	353	True	True	16072	117966	success
animals_bear	bear	android\app\src\main\res\drawable\bear.webp	WEBP	340	337	True	True	Resources\LanguageImages.xcassets\bear.imageset\bear.png	340	337	True	True	25224	105785	success
home_bed	bed	android\app\src\main\res\drawable\bed.webp	WEBP	425	235	True	True	Resources\LanguageImages.xcassets\bed.imageset\bed.png	425	235	True	True	7834	43381	success
vegetables_beet	beet	android\app\src\main\res\drawable\beet.webp	WEBP	349	466	True	True	Resources\LanguageImages.xcassets\beet.imageset\beet.png	349	466	True	True	19098	114638	success
colors_beige	beige	android\app\src\main\res\drawable\beige.webp	WEBP	363	364	True	True	Resources\LanguageImages.xcassets\beige.imageset\beige.png	363	364	True	True	3004	17369	success
transport_bicycle	bicycle	android\app\src\main\res\drawable\bicycle.webp	WEBP	389	237	True	True	Resources\LanguageImages.xcassets\bicycle.imageset\bicycle.png	389	237	True	True	29546	115398	success
animals_bird	bird	android\app\src\main\res\drawable\bird.webp	WEBP	324	271	True	True	Resources\LanguageImages.xcassets\bird.imageset\bird.png	324	271	True	True	9828	46865	success
colors_black	black	android\app\src\main\res\drawable\black.webp	WEBP	283	266	True	True	Resources\LanguageImages.xcassets\black.imageset\black.png	283	266	True	True	6486	14468	success
home_blanket	blanket	android\app\src\main\res\drawable\blanket.webp	WEBP	492	304	True	True	Resources\LanguageImages.xcassets\blanket.imageset\blanket.png	492	304	True	True	16418	105544	success
colors_blue	blue	android\app\src\main\res\drawable\blue.webp	WEBP	316	285	True	True	Resources\LanguageImages.xcassets\blue.imageset\blue.png	316	285	True	True	7264	29140	success
fruits_blueberry	blueberry	android\app\src\main\res\drawable\blueberry.webp	WEBP	287	269	True	True	Resources\LanguageImages.xcassets\blueberry.imageset\blueberry.png	287	269	True	True	17492	107635	success
school_board	board	android\app\src\main\res\drawable\board.webp	WEBP	432	266	True	True	Resources\LanguageImages.xcassets\board.imageset\board.png	432	266	True	True	1972	7780	success
home_boat	boat	android\app\src\main\res\drawable\boat.webp	WEBP	329	210	True	True	Resources\LanguageImages.xcassets\boat.imageset\boat.png	329	210	True	True	12474	58940	success
school_book	book	android\app\src\main\res\drawable\book.webp	WEBP	326	422	True	True	Resources\LanguageImages.xcassets\book.imageset\book.png	326	422	True	True	14362	70828	success
home_bookshelf	bookshelf	android\app\src\main\res\drawable\bookshelf.webp	WEBP	432	176	True	True	Resources\LanguageImages.xcassets\bookshelf.imageset\bookshelf.png	432	176	True	True	11674	47815	success
people_boy	boy	android\app\src\main\res\drawable\boy.webp	WEBP	287	443	True	True	Resources\LanguageImages.xcassets\boy.imageset\boy.png	287	443	True	True	15088	86465	success
people_bride	bride	android\app\src\main\res\drawable\bride.webp	WEBP	253	311	True	True	Resources\LanguageImages.xcassets\bride.imageset\bride.png	253	311	True	True	15436	72259	success
vegetables_broccolini	broccolini	android\app\src\main\res\drawable\broccolini.webp	WEBP	344	587	True	True	Resources\LanguageImages.xcassets\broccolini.imageset\broccolini.png	344	587	True	True	39852	246595	success
people_brothers	brothers	android\app\src\main\res\drawable\brothers.webp	WEBP	336	385	True	True	Resources\LanguageImages.xcassets\brothers.imageset\brothers.png	336	385	True	True	25158	119168	success
jobs_builder	builder	android\app\src\main\res\drawable\builder.webp	WEBP	349	342	True	True	Resources\LanguageImages.xcassets\builder.imageset\builder.png	349	342	True	True	13256	65197	success
transport_bus	bus	android\app\src\main\res\drawable\bus.webp	WEBP	432	217	True	True	Resources\LanguageImages.xcassets\bus.imageset\bus.png	432	217	True	True	18552	100734	success
tech_button	button	android\app\src\main\res\drawable\button.webp	WEBP	277	277	True	True	Resources\LanguageImages.xcassets\button.imageset\button.png	277	277	True	True	9416	56805	success
vegetables_cabbage	cabbage	android\app\src\main\res\drawable\cabbage.webp	WEBP	383	365	True	True	Resources\LanguageImages.xcassets\cabbage.imageset\cabbage.png	383	365	True	True	33090	227891	success
food_cake	cake	android\app\src\main\res\drawable\cake.webp	WEBP	287	237	True	True	Resources\LanguageImages.xcassets\cake.imageset\cake.png	287	237	True	True	32486	109734	success
school_calculator	calculator	android\app\src\main\res\drawable\calculator.webp	WEBP	431	475	True	True	Resources\LanguageImages.xcassets\calculator.imageset\calculator.png	431	475	True	True	33714	174106	success
school_caliper	caliper	android\app\src\main\res\drawable\caliper.webp	WEBP	364	203	True	True	Resources\LanguageImages.xcassets\caliper.imageset\caliper.png	364	203	True	True	22176	67644	success
tech_camera	camera	android\app\src\main\res\drawable\camera.webp	WEBP	426	357	True	True	Resources\LanguageImages.xcassets\camera.imageset\camera.png	426	357	True	True	21868	108700	success
food_candy	candy	android\app\src\main\res\drawable\candy.webp	WEBP	432	392	True	True	Resources\LanguageImages.xcassets\candy.imageset\candy.png	432	392	True	True	18460	96602	success
transport_car	car	android\app\src\main\res\drawable\car.webp	WEBP	299	219	True	True	Resources\LanguageImages.xcassets\car.imageset\car.png	299	219	True	True	17792	88934	success
fruits_carob	carob	android\app\src\main\res\drawable\carob.webp	WEBP	893	693	True	True	Resources\LanguageImages.xcassets\carob.imageset\carob.png	893	693	True	True	261880	1067846	success
jobs_carpenter	carpenter	android\app\src\main\res\drawable\carpenter.webp	WEBP	279	289	True	True	Resources\LanguageImages.xcassets\carpenter.imageset\carpenter.png	279	289	True	True	15342	74726	success
vegetables_carrot	carrot	android\app\src\main\res\drawable\carrot.webp	WEBP	338	344	True	True	Resources\LanguageImages.xcassets\carrot.imageset\carrot.png	338	344	True	True	9220	43422	success
jobs_cashier	cashier	android\app\src\main\res\drawable\cashier.webp	WEBP	620	547	True	True	Resources\LanguageImages.xcassets\cashier.imageset\cashier.png	620	547	True	True	35516	170698	success
other_castle	castle	android\app\src\main\res\drawable\castle.webp	WEBP	432	407	True	True	Resources\LanguageImages.xcassets\castle.imageset\castle.png	432	407	True	True	31696	180296	success
animals_cat	cat	android\app\src\main\res\drawable\cat.webp	WEBP	304	341	True	True	Resources\LanguageImages.xcassets\cat.imageset\cat.png	304	341	True	True	17750	79423	success
verbs_catch	catch_img	android\app\src\main\res\drawable\catch_img.webp	WEBP	215	316	True	True	Resources\LanguageImages.xcassets\catch_img.imageset\catch_img.png	215	316	True	True	19642	67713	success
vegetables_cauliflower	cauliflower	android\app\src\main\res\drawable\cauliflower.webp	WEBP	376	357	True	True	Resources\LanguageImages.xcassets\cauliflower.imageset\cauliflower.png	376	357	True	True	31398	199289	success
home_chair	chair	android\app\src\main\res\drawable\chair.webp	WEBP	183	278	True	True	Resources\LanguageImages.xcassets\chair.imageset\chair.png	183	278	True	True	9928	43920	success
school_chalk	chalk	android\app\src\main\res\drawable\chalk.webp	WEBP	392	410	True	True	Resources\LanguageImages.xcassets\chalk.imageset\chalk.png	392	410	True	True	14310	83662	success
vegetables_chard	chard	android\app\src\main\res\drawable\chard.webp	WEBP	432	379	True	True	Resources\LanguageImages.xcassets\chard.imageset\chard.png	432	379	True	True	22756	144977	success
food_cheese	cheese	android\app\src\main\res\drawable\cheese.webp	WEBP	432	420	True	True	Resources\LanguageImages.xcassets\cheese.imageset\cheese.png	432	420	True	True	12756	80400	success
jobs_chef	chef	android\app\src\main\res\drawable\chef.webp	WEBP	238	373	True	True	Resources\LanguageImages.xcassets\chef.imageset\chef.png	238	373	True	True	20118	104547	success
fruits_cherry	cherry	android\app\src\main\res\drawable\cherry.webp	WEBP	233	230	True	True	Resources\LanguageImages.xcassets\cherry.imageset\cherry.png	233	230	True	True	6668	29351	success
animals_chicken	chicken	android\app\src\main\res\drawable\chicken.webp	WEBP	291	292	True	True	Resources\LanguageImages.xcassets\chicken.imageset\chicken.png	291	292	True	True	11810	48268	success
food_chocolate	chocolate	android\app\src\main\res\drawable\chocolate.webp	WEBP	272	229	True	True	Resources\LanguageImages.xcassets\chocolate.imageset\chocolate.png	272	229	True	True	9748	64698	success
shapes_circle	circle	android\app\src\main\res\drawable\circle.webp	WEBP	331	331	True	True	Resources\LanguageImages.xcassets\circle.imageset\circle.png	331	331	True	True	4840	7142	success
verbs_clean	clean	android\app\src\main\res\drawable\clean.webp	WEBP	394	419	True	True	Resources\LanguageImages.xcassets\clean.imageset\clean.png	394	419	True	True	28328	145655	success
fruits_clementine	clementine	android\app\src\main\res\drawable\clementine.webp	WEBP	385	357	True	True	Resources\LanguageImages.xcassets\clementine.imageset\clementine.png	385	357	True	True	21940	146545	success
home_clock	clock	android\app\src\main\res\drawable\clock.webp	WEBP	302	302	True	True	Resources\LanguageImages.xcassets\clock.imageset\clock.png	302	302	True	True	13544	66799	success
home_closet	closet	android\app\src\main\res\drawable\closet.webp	WEBP	220	417	True	True	Resources\LanguageImages.xcassets\closet.imageset\closet.png	220	417	True	True	2128	9497	success
fruits_coconut	coconut	android\app\src\main\res\drawable\coconut.webp	WEBP	286	272	True	True	Resources\LanguageImages.xcassets\coconut.imageset\coconut.png	286	272	True	True	20614	107091	success
school_compass	compass	android\app\src\main\res\drawable\compass.webp	WEBP	276	280	True	True	Resources\LanguageImages.xcassets\compass.imageset\compass.png	276	280	True	True	16254	66970	success
tech_computer	computer	android\app\src\main\res\drawable\computer.webp	WEBP	332	251	True	True	Resources\LanguageImages.xcassets\computer.imageset\computer.png	332	251	True	True	3800	9675	success
shapes_cone	cone	android\app\src\main\res\drawable\cone.webp	WEBP	347	415	True	True	Resources\LanguageImages.xcassets\cone.imageset\cone.png	347	415	True	True	6416	9091	success
verbs_cook	cook	android\app\src\main\res\drawable\cook.webp	WEBP	256	398	True	True	Resources\LanguageImages.xcassets\cook.imageset\cook.png	256	398	True	True	17926	68850	success
food_cookie	cookie	android\app\src\main\res\drawable\cookie.webp	WEBP	301	305	True	True	Resources\LanguageImages.xcassets\cookie.imageset\cookie.png	301	305	True	True	27502	164237	success
vegetables_corn	corn	android\app\src\main\res\drawable\corn.webp	WEBP	265	492	True	True	Resources\LanguageImages.xcassets\corn.imageset\corn.png	265	492	True	True	24946	141943	success
verbs_count	count	android\app\src\main\res\drawable\count.webp	WEBP	286	322	True	True	Resources\LanguageImages.xcassets\count.imageset\count.png	286	322	True	True	13518	58935	success
animals_cow	cow	android\app\src\main\res\drawable\cow.webp	WEBP	430	334	True	True	Resources\LanguageImages.xcassets\cow.imageset\cow.png	430	334	True	True	24416	95895	success
fruits_cranberry	cranberry	android\app\src\main\res\drawable\cranberry.webp	WEBP	296	271	True	True	Resources\LanguageImages.xcassets\cranberry.imageset\cranberry.png	296	271	True	True	12760	77505	success
school_crayon	crayon	android\app\src\main\res\drawable\crayon.webp	WEBP	306	391	True	True	Resources\LanguageImages.xcassets\crayon.imageset\crayon.png	306	391	True	True	20996	99181	success
shapes_crescent	crescent	android\app\src\main\res\drawable\crescent.webp	WEBP	517	535	True	True	Resources\LanguageImages.xcassets\crescent.imageset\crescent.png	517	535	True	True	66310	253226	success
colors_crimson	crimson	android\app\src\main\res\drawable\crimson.webp	WEBP	314	314	True	True	Resources\LanguageImages.xcassets\crimson.imageset\crimson.png	314	314	True	True	2594	13113	success
other_crown	crown	android\app\src\main\res\drawable\crown.webp	WEBP	310	164	True	True	Resources\LanguageImages.xcassets\crown.imageset\crown.png	310	164	True	True	11470	58179	success
other_crystal	crystal	android\app\src\main\res\drawable\crystal.webp	WEBP	657	744	True	True	Resources\LanguageImages.xcassets\crystal.imageset\crystal.png	657	744	True	True	198284	674264	success
shapes_cube	cube	android\app\src\main\res\drawable\cube.webp	WEBP	430	460	True	True	Resources\LanguageImages.xcassets\cube.imageset\cube.png	430	460	True	True	9638	56061	success
vegetables_cucumber	cucumber	android\app\src\main\res\drawable\cucumber.webp	WEBP	376	333	True	True	Resources\LanguageImages.xcassets\cucumber.imageset\cucumber.png	376	333	True	True	14134	102738	success
home_cup	cup	android\app\src\main\res\drawable\cup.webp	WEBP	280	208	True	True	Resources\LanguageImages.xcassets\cup.imageset\cup.png	280	208	True	True	5530	24553	success
other_cup_of_coffee	cup_of_coffee	android\app\src\main\res\drawable\cup_of_coffee.webp	WEBP	200	159	True	True	Resources\LanguageImages.xcassets\cup_of_coffee.imageset\cup_of_coffee.png	200	159	True	True	12570	51219	success
home_curtain	curtain	android\app\src\main\res\drawable\curtain.webp	WEBP	231	269	True	True	Resources\LanguageImages.xcassets\curtain.imageset\curtain.png	231	269	True	True	5916	21788	success
colors_cyan	cyan	android\app\src\main\res\drawable\cyan.webp	WEBP	412	409	True	True	Resources\LanguageImages.xcassets\cyan.imageset\cyan.png	412	409	True	True	47860	97159	success
people_dad	dad	android\app\src\main\res\drawable\dad.webp	WEBP	316	346	True	True	Resources\LanguageImages.xcassets\dad.imageset\dad.png	316	346	True	True	20662	112087	success
verbs_dance	dance	android\app\src\main\res\drawable\dance.webp	WEBP	357	302	True	True	Resources\LanguageImages.xcassets\dance.imageset\dance.png	357	302	True	True	29072	121944	success
jobs_dancer	dancer	android\app\src\main\res\drawable\dancer.webp	WEBP	132	235	True	True	Resources\LanguageImages.xcassets\dancer.imageset\dancer.png	132	235	True	True	7648	28951	success
colors_dark_green	dark_green	android\app\src\main\res\drawable\dark_green.webp	WEBP	290	224	True	True	Resources\LanguageImages.xcassets\dark_green.imageset\dark_green.png	290	224	True	True	1354	2494	success
fruits_dates	dates	android\app\src\main\res\drawable\dates.webp	WEBP	352	242	True	True	Resources\LanguageImages.xcassets\dates.imageset\dates.png	352	242	True	True	16616	105842	success
people_daughter	daughter	android\app\src\main\res\drawable\daughter.webp	WEBP	408	317	True	True	Resources\LanguageImages.xcassets\daughter.imageset\daughter.png	408	317	True	True	33040	201412	success
home_dehumidifier	dehumidifier	android\app\src\main\res\drawable\dehumidifier.webp	WEBP	197	326	True	True	Resources\LanguageImages.xcassets\dehumidifier.imageset\dehumidifier.png	197	326	True	True	7664	29867	success
jobs_dentist	dentist	android\app\src\main\res\drawable\dentist.webp	WEBP	428	377	True	True	Resources\LanguageImages.xcassets\dentist.imageset\dentist.png	428	377	True	True	34964	163476	success
tech_design	design	android\app\src\main\res\drawable\design.webp	WEBP	711	551	True	True	Resources\LanguageImages.xcassets\design.imageset\design.png	711	551	True	True	148250	560652	success
jobs_designer	designer	android\app\src\main\res\drawable\designer.webp	WEBP	683	765	True	True	Resources\LanguageImages.xcassets\designer.imageset\designer.png	683	765	True	True	154704	615409	success
home_desk	desk	android\app\src\main\res\drawable\desk.webp	WEBP	477	326	True	True	Resources\LanguageImages.xcassets\desk.imageset\desk.png	477	326	True	True	6408	35714	success
shapes_diamond	diamond	android\app\src\main\res\drawable\diamond.webp	WEBP	359	317	True	True	Resources\LanguageImages.xcassets\diamond.imageset\diamond.png	359	317	True	True	19584	91483	success
vegetables_dill	dill	android\app\src\main\res\drawable\dill.webp	WEBP	333	325	True	True	Resources\LanguageImages.xcassets\dill.imageset\dill.png	333	325	True	True	42058	129351	success
home_dishwasher	dishwasher	android\app\src\main\res\drawable\dishwasher.webp	WEBP	335	318	True	True	Resources\LanguageImages.xcassets\dishwasher.imageset\dishwasher.png	335	318	True	True	35042	155733	success
jobs_doctor	doctor	android\app\src\main\res\drawable\doctor.webp	WEBP	219	359	True	True	Resources\LanguageImages.xcassets\doctor.imageset\doctor.png	219	359	True	True	10656	46758	success
animals_dog	dog	android\app\src\main\res\drawable\dog.webp	WEBP	305	350	True	True	Resources\LanguageImages.xcassets\dog.imageset\dog.png	305	350	True	True	20500	107024	success
animals_dolphin	dolphin	android\app\src\main\res\drawable\dolphin.webp	WEBP	396	275	True	True	Resources\LanguageImages.xcassets\dolphin.imageset\dolphin.png	396	275	True	True	14296	77183	success
home_door	door	android\app\src\main\res\drawable\door.webp	WEBP	205	412	True	True	Resources\LanguageImages.xcassets\door.imageset\door.png	205	412	True	True	5380	25910	success
other_dragon	dragon	android\app\src\main\res\drawable\dragon.webp	WEBP	480	530	True	True	Resources\LanguageImages.xcassets\dragon.imageset\dragon.png	480	530	True	True	57094	208133	success
fruits_dragonfruit	dragonfruit	android\app\src\main\res\drawable\dragonfruit.webp	WEBP	384	357	True	True	Resources\LanguageImages.xcassets\dragonfruit.imageset\dragonfruit.png	384	357	True	True	22232	140517	success
verbs_draw	draw	android\app\src\main\res\drawable\draw.webp	WEBP	254	255	True	True	Resources\LanguageImages.xcassets\draw.imageset\draw.png	254	255	True	True	12740	51369	success
home_drawer	drawer	android\app\src\main\res\drawable\drawer.webp	WEBP	639	581	True	True	Resources\LanguageImages.xcassets\drawer.imageset\drawer.png	639	581	True	True	124600	393495	success
verbs_drink	drink	android\app\src\main\res\drawable\drink.webp	WEBP	349	389	True	True	Resources\LanguageImages.xcassets\drink.imageset\drink.png	349	389	True	True	13338	67052	success
jobs_driver	driver	android\app\src\main\res\drawable\driver.webp	WEBP	299	335	True	True	Resources\LanguageImages.xcassets\driver.imageset\driver.png	299	335	True	True	14984	75933	success
tech_drone	drone	android\app\src\main\res\drawable\drone.webp	WEBP	304	190	True	True	Resources\LanguageImages.xcassets\drone.imageset\drone.png	304	190	True	True	14448	61749	success
other_drum	drum	android\app\src\main\res\drawable\drum.webp	WEBP	417	367	True	True	Resources\LanguageImages.xcassets\drum.imageset\drum.png	417	367	True	True	19838	107861	success
home_dryer	dryer	android\app\src\main\res\drawable\dryer.webp	WEBP	375	436	True	True	Resources\LanguageImages.xcassets\dryer.imageset\dryer.png	375	436	True	True	17006	62585	success
animals_duck	duck	android\app\src\main\res\drawable\duck.webp	WEBP	313	475	True	True	Resources\LanguageImages.xcassets\duck.imageset\duck.png	313	475	True	True	24844	122953	success
body_ear	ear	android\app\src\main\res\drawable\ear.png	PNG	319	510	True	True	Resources\LanguageImages.xcassets\ear.imageset\ear.png	319	510	True	True	59895	62738	success
verbs_eat	eat	android\app\src\main\res\drawable\eat.webp	WEBP	225	329	True	True	Resources\LanguageImages.xcassets\eat.imageset\eat.png	225	329	True	True	14004	70427	success
vegetables_eggplant	eggplant	android\app\src\main\res\drawable\eggplant.webp	WEBP	368	370	True	True	Resources\LanguageImages.xcassets\eggplant.imageset\eggplant.png	368	370	True	True	8782	56918	success
jobs_electrician	electrician	android\app\src\main\res\drawable\electrician.webp	WEBP	219	219	True	True	Resources\LanguageImages.xcassets\electrician.imageset\electrician.png	219	219	True	True	12204	53184	success
animals_elephant	elephant	android\app\src\main\res\drawable\elephant.webp	WEBP	401	336	True	True	Resources\LanguageImages.xcassets\elephant.imageset\elephant.png	401	336	True	True	18022	77976	success
shapes_ellipse	ellipse	android\app\src\main\res\drawable\ellipse.webp	WEBP	415	296	True	True	Resources\LanguageImages.xcassets\ellipse.imageset\ellipse.png	415	296	True	True	8620	62279	success
vegetables_endive	endive	android\app\src\main\res\drawable\endive.webp	WEBP	429	332	True	True	Resources\LanguageImages.xcassets\endive.imageset\endive.png	429	332	True	True	9608	76816	success
jobs_engineer	engineer	android\app\src\main\res\drawable\engineer.webp	WEBP	295	293	True	True	Resources\LanguageImages.xcassets\engineer.imageset\engineer.png	295	293	True	True	24984	100457	success
school_eraser	eraser	android\app\src\main\res\drawable\eraser.webp	WEBP	431	362	True	True	Resources\LanguageImages.xcassets\eraser.imageset\eraser.png	431	362	True	True	10540	56824	success
home_extension_cord	extension_cord	android\app\src\main\res\drawable\extension_cord.webp	WEBP	258	323	True	True	Resources\LanguageImages.xcassets\extension_cord.imageset\extension_cord.png	258	323	True	True	8772	33802	success
body_eye	eye	android\app\src\main\res\drawable\eye.webp	WEBP	432	279	True	True	Resources\LanguageImages.xcassets\eye.imageset\eye.png	432	279	True	True	9924	57503	success
other_fairy	fairy	android\app\src\main\res\drawable\fairy.webp	WEBP	405	474	True	True	Resources\LanguageImages.xcassets\fairy.imageset\fairy.png	405	474	True	True	35522	170590	success
people_family	family	android\app\src\main\res\drawable\family.webp	WEBP	313	340	True	True	Resources\LanguageImages.xcassets\family.imageset\family.png	313	340	True	True	17356	90686	success
jobs_farmer	farmer	android\app\src\main\res\drawable\farmer.webp	WEBP	300	317	True	True	Resources\LanguageImages.xcassets\farmer.imageset\farmer.png	300	317	True	True	22270	97801	success
vegetables_fennel	fennel	android\app\src\main\res\drawable\fennel.webp	WEBP	310	429	True	True	Resources\LanguageImages.xcassets\fennel.imageset\fennel.png	310	429	True	True	31188	161597	success
fruits_fig	fig	android\app\src\main\res\drawable\fig.webp	WEBP	312	251	True	True	Resources\LanguageImages.xcassets\fig.imageset\fig.png	312	251	True	True	18204	99191	success
jobs_firefighter	firefighter	android\app\src\main\res\drawable\firefighter.webp	WEBP	231	418	True	True	Resources\LanguageImages.xcassets\firefighter.imageset\firefighter.png	231	418	True	True	17364	90754	success
animals_fish	fish	android\app\src\main\res\drawable\fish.webp	WEBP	399	298	True	True	Resources\LanguageImages.xcassets\fish.imageset\fish.png	399	298	True	True	16068	89490	success
other_flag	flag	android\app\src\main\res\drawable\flag.webp	WEBP	432	413	True	True	Resources\LanguageImages.xcassets\flag.imageset\flag.png	432	413	True	True	3948	6463	success
school_folder	folder	android\app\src\main\res\drawable\folder.webp	WEBP	460	390	True	True	Resources\LanguageImages.xcassets\folder.imageset\folder.png	460	390	True	True	16318	89227	success
animals_fox	fox	android\app\src\main\res\drawable\fox.webp	WEBP	282	280	True	True	Resources\LanguageImages.xcassets\fox.imageset\fox.png	282	280	True	True	15190	69662	success
shapes_frame	frame	android\app\src\main\res\drawable\frame.webp	WEBP	174	211	True	True	Resources\LanguageImages.xcassets\frame.imageset\frame.png	174	211	True	True	8108	40374	success
home_fridge	fridge	android\app\src\main\res\drawable\fridge.webp	WEBP	314	369	True	True	Resources\LanguageImages.xcassets\fridge.imageset\fridge.png	314	369	True	True	18082	102181	success
people_friends	friends	android\app\src\main\res\drawable\friends.webp	WEBP	400	276	True	True	Resources\LanguageImages.xcassets\friends.imageset\friends.png	400	276	True	True	24586	97404	success
animals_frog	frog	android\app\src\main\res\drawable\frog.webp	WEBP	313	374	True	True	Resources\LanguageImages.xcassets\frog.imageset\frog.png	313	374	True	True	27518	148286	success
tech_game	game	android\app\src\main\res\drawable\game.webp	WEBP	400	250	True	True	Resources\LanguageImages.xcassets\game.imageset\game.png	400	250	True	True	13688	85440	success
tech_game_console	game_console	android\app\src\main\res\drawable\game_console.webp	WEBP	322	384	True	True	Resources\LanguageImages.xcassets\game_console.imageset\game_console.png	322	384	True	True	12278	73907	success
people_girl	girl	android\app\src\main\res\drawable\girl.webp	WEBP	107	262	True	True	Resources\LanguageImages.xcassets\girl.imageset\girl.png	107	262	True	True	11486	47796	success
school_globe	globe	android\app\src\main\res\drawable\globe.webp	WEBP	369	436	True	True	Resources\LanguageImages.xcassets\globe.imageset\globe.png	369	436	True	True	51444	280825	success
school_glue	glue	android\app\src\main\res\drawable\glue.webp	WEBP	432	315	True	True	Resources\LanguageImages.xcassets\glue.imageset\glue.png	432	315	True	True	14706	90292	success
animals_goat	goat	android\app\src\main\res\drawable\goat.webp	WEBP	233	255	True	True	Resources\LanguageImages.xcassets\goat.imageset\goat.png	233	255	True	True	13394	48919	success
colors_gold	gold	android\app\src\main\res\drawable\gold.webp	WEBP	370	198	True	True	Resources\LanguageImages.xcassets\gold.imageset\gold.png	370	198	True	True	9214	53455	success
animals_goose	goose	android\app\src\main\res\drawable\goose.png	PNG	231	306	True	True	Resources\LanguageImages.xcassets\goose.imageset\goose.png	231	306	True	True	44850	46310	success
fruits_gooseberry	gooseberry	android\app\src\main\res\drawable\gooseberry.webp	WEBP	417	283	True	True	Resources\LanguageImages.xcassets\gooseberry.imageset\gooseberry.png	417	283	True	True	21106	109987	success
people_grandchild	grandchild	android\app\src\main\res\drawable\grandchild.webp	WEBP	665	777	True	True	Resources\LanguageImages.xcassets\grandchild.imageset\grandchild.png	665	777	True	True	176026	718904	success
people_grandma	grandma	android\app\src\main\res\drawable\grandma.webp	WEBP	218	252	True	True	Resources\LanguageImages.xcassets\grandma.imageset\grandma.png	218	252	True	True	12754	60001	success
people_grandpa	grandpa	android\app\src\main\res\drawable\grandpa.webp	WEBP	356	412	True	True	Resources\LanguageImages.xcassets\grandpa.imageset\grandpa.png	356	412	True	True	11768	63993	success
fruits_grapefruit	grapefruit	android\app\src\main\res\drawable\grapefruit.webp	WEBP	336	331	True	True	Resources\LanguageImages.xcassets\grapefruit.imageset\grapefruit.png	336	331	True	True	41166	215330	success
tech_graphics	graphics	android\app\src\main\res\drawable\graphics.webp	WEBP	735	580	True	True	Resources\LanguageImages.xcassets\graphics.imageset\graphics.png	735	580	True	True	179652	656880	success
colors_gray	gray	android\app\src\main\res\drawable\gray.webp	WEBP	299	300	True	True	Resources\LanguageImages.xcassets\gray.imageset\gray.png	299	300	True	True	3132	6558	success
colors_green	green	android\app\src\main\res\drawable\green.webp	WEBP	296	272	True	True	Resources\LanguageImages.xcassets\green.imageset\green.png	296	272	True	True	10240	47328	success
body_hand	hand	android\app\src\main\res\drawable\hand.webp	WEBP	222	426	True	True	Resources\LanguageImages.xcassets\hand.imageset\hand.png	222	426	True	True	6498	22375	success
body_head	head	android\app\src\main\res\drawable\head.webp	WEBP	410	406	True	True	Resources\LanguageImages.xcassets\head.imageset\head.png	410	406	True	True	15868	79915	success
tech_headphones	headphones	android\app\src\main\res\drawable\headphones.webp	WEBP	432	478	True	True	Resources\LanguageImages.xcassets\headphones.imageset\headphones.png	432	478	True	True	20148	122287	success
verbs_hear	hear	android\app\src\main\res\drawable\hear.webp	WEBP	317	444	True	True	Resources\LanguageImages.xcassets\hear.imageset\hear.png	317	444	True	True	19052	106579	success
shapes_heart	heart	android\app\src\main\res\drawable\heart.webp	WEBP	395	355	True	True	Resources\LanguageImages.xcassets\heart.imageset\heart.png	395	355	True	True	6618	26747	success
shapes_helix	helix	android\app\src\main\res\drawable\helix.webp	WEBP	335	259	True	True	Resources\LanguageImages.xcassets\helix.imageset\helix.png	335	259	True	True	24210	85329	success
other_helmet	helmet	android\app\src\main\res\drawable\helmet.webp	WEBP	351	334	True	True	Resources\LanguageImages.xcassets\helmet.imageset\helmet.png	351	334	True	True	12700	64631	success
shapes_hexagon	hexagon	android\app\src\main\res\drawable\hexagon.webp	WEBP	450	376	True	True	Resources\LanguageImages.xcassets\hexagon.imageset\hexagon.png	450	376	True	True	55742	202756	success
animals_horse	horse	android\app\src\main\res\drawable\horse.webp	WEBP	370	266	True	True	Resources\LanguageImages.xcassets\horse.imageset\horse.png	370	266	True	True	21416	87218	success
other_hotel	hotel	android\app\src\main\res\drawable\hotel.webp	WEBP	174	168	True	True	Resources\LanguageImages.xcassets\hotel.imageset\hotel.png	174	168	True	True	5732	28118	success
home_house	house	android\app\src\main\res\drawable\house.webp	WEBP	359	358	True	True	Resources\LanguageImages.xcassets\house.imageset\house.png	359	358	True	True	17714	80282	success
home_humidifier	humidifier	android\app\src\main\res\drawable\humidifier.webp	WEBP	837	1358	True	True	Resources\LanguageImages.xcassets\humidifier.imageset\humidifier.png	837	1358	True	True	118902	826195	success
food_ice_cream	ice_cream	android\app\src\main\res\drawable\ice_cream.webp	WEBP	209	453	True	True	Resources\LanguageImages.xcassets\ice_cream.imageset\ice_cream.png	209	453	True	True	13180	77181	success
food_ice_cream_cone	ice_cream_cone	android\app\src\main\res\drawable\ice_cream_cone.webp	WEBP	84	147	True	True	Resources\LanguageImages.xcassets\ice_cream_cone.imageset\ice_cream_cone.png	84	147	True	True	3210	14088	success
food_ice_cream_truck	ice_cream_truck	android\app\src\main\res\drawable\ice_cream_truck.webp	WEBP	158	134	True	True	Resources\LanguageImages.xcassets\ice_cream_truck.imageset\ice_cream_truck.png	158	134	True	True	6320	27730	success
fruits_jackfruit	jackfruit	android\app\src\main\res\drawable\jackfruit.webp	WEBP	239	219	True	True	Resources\LanguageImages.xcassets\jackfruit.imageset\jackfruit.png	239	219	True	True	20102	99385	success
food_jam	jam	android\app\src\main\res\drawable\jam.webp	WEBP	294	362	True	True	Resources\LanguageImages.xcassets\jam.imageset\jam.png	294	362	True	True	22168	98666	success
vegetables_jerusalem_artichoke	jerusalem_artichoke	android\app\src\main\res\drawable\jerusalem_artichoke.webp	WEBP	364	407	True	True	Resources\LanguageImages.xcassets\jerusalem_artichoke.imageset\jerusalem_artichoke.png	364	407	True	True	14206	101019	success
tech_joystick	joystick	android\app\src\main\res\drawable\joystick.webp	WEBP	366	218	True	True	Resources\LanguageImages.xcassets\joystick.imageset\joystick.png	366	218	True	True	9804	52808	success
jobs_judge	judge	android\app\src\main\res\drawable\judge.webp	WEBP	328	330	True	True	Resources\LanguageImages.xcassets\judge.imageset\judge.png	328	330	True	True	20300	113541	success
food_juice	juice	android\app\src\main\res\drawable\juice.webp	WEBP	251	389	True	True	Resources\LanguageImages.xcassets\juice.imageset\juice.png	251	389	True	True	11590	52221	success
verbs_jump	jump	android\app\src\main\res\drawable\jump.webp	WEBP	255	407	True	True	Resources\LanguageImages.xcassets\jump.imageset\jump.png	255	407	True	True	16804	76933	success
vegetables_kale	kale	android\app\src\main\res\drawable\kale.webp	WEBP	340	394	True	True	Resources\LanguageImages.xcassets\kale.imageset\kale.png	340	394	True	True	46680	187617	success
animals_kangaroo	kangaroo	android\app\src\main\res\drawable\kangaroo.webp	WEBP	378	325	True	True	Resources\LanguageImages.xcassets\kangaroo.imageset\kangaroo.png	378	325	True	True	10632	47673	success
tech_keyboard	keyboard	android\app\src\main\res\drawable\keyboard.webp	WEBP	458	367	True	True	Resources\LanguageImages.xcassets\keyboard.imageset\keyboard.png	458	367	True	True	19256	96535	success
other_knight	knight	android\app\src\main\res\drawable\knight.webp	WEBP	331	464	True	True	Resources\LanguageImages.xcassets\knight.imageset\knight.png	331	464	True	True	20304	101471	success
vegetables_kohlrabi	kohlrabi	android\app\src\main\res\drawable\kohlrabi.webp	WEBP	324	517	True	True	Resources\LanguageImages.xcassets\kohlrabi.imageset\kohlrabi.png	324	517	True	True	20976	139256	success
fruits_kumquat	kumquat	android\app\src\main\res\drawable\kumquat.webp	WEBP	338	291	True	True	Resources\LanguageImages.xcassets\kumquat.imageset\kumquat.png	338	291	True	True	22724	116641	success
home_lamp	lamp	android\app\src\main\res\drawable\lamp.webp	WEBP	324	432	True	True	Resources\LanguageImages.xcassets\lamp.imageset\lamp.png	324	432	True	True	7308	31152	success
tech_laptop	laptop	android\app\src\main\res\drawable\laptop.webp	WEBP	336	348	True	True	Resources\LanguageImages.xcassets\laptop.imageset\laptop.png	336	348	True	True	19956	90560	success
home_laundry_detergent	laundry_detergent	android\app\src\main\res\drawable\laundry_detergent.webp	WEBP	268	332	True	True	Resources\LanguageImages.xcassets\laundry_detergent.imageset\laundry_detergent.png	268	332	True	True	10940	53369	success
jobs_lawyer	lawyer	android\app\src\main\res\drawable\lawyer.webp	WEBP	143	350	True	True	Resources\LanguageImages.xcassets\lawyer.imageset\lawyer.png	143	350	True	True	10158	38000	success
vegetables_leek	leek	android\app\src\main\res\drawable\leek.webp	WEBP	416	384	True	True	Resources\LanguageImages.xcassets\leek.imageset\leek.png	416	384	True	True	16086	104937	success
body_leg	leg	android\app\src\main\res\drawable\leg.webp	WEBP	316	432	True	True	Resources\LanguageImages.xcassets\leg.imageset\leg.png	316	432	True	True	10136	43548	success
jobs_librarian	librarian	android\app\src\main\res\drawable\librarian.webp	WEBP	872	836	True	True	Resources\LanguageImages.xcassets\librarian.imageset\librarian.png	872	836	True	True	81792	533185	success
home_lid	lid	android\app\src\main\res\drawable\lid.webp	WEBP	255	149	True	True	Resources\LanguageImages.xcassets\lid.imageset\lid.png	255	149	True	True	5446	26508	success
colors_lilac	lilac	android\app\src\main\res\drawable\lilac.webp	WEBP	255	244	True	True	Resources\LanguageImages.xcassets\lilac.imageset\lilac.png	255	244	True	True	4886	23075	success
shapes_line	line	android\app\src\main\res\drawable\line.webp	WEBP	414	8	True	True	Resources\LanguageImages.xcassets\line.imageset\line.png	414	8	True	True	3080	4088	success
animals_lion	lion	android\app\src\main\res\drawable\lion.webp	WEBP	331	330	True	True	Resources\LanguageImages.xcassets\lion.imageset\lion.png	331	330	True	True	22560	106634	success
verbs_listen	listen	android\app\src\main\res\drawable\listen.webp	WEBP	291	314	True	True	Resources\LanguageImages.xcassets\listen.imageset\listen.png	291	314	True	True	16360	89695	success
transport_locomotive	locomotive	android\app\src\main\res\drawable\locomotive.webp	WEBP	325	227	True	True	Resources\LanguageImages.xcassets\locomotive.imageset\locomotive.png	325	227	True	True	15104	66095	success
food_lollipop	lollipop	android\app\src\main\res\drawable\lollipop.webp	WEBP	228	377	True	True	Resources\LanguageImages.xcassets\lollipop.imageset\lollipop.png	228	377	True	True	14398	81639	success
verbs_look	look	android\app\src\main\res\drawable\look.webp	WEBP	230	225	True	True	Resources\LanguageImages.xcassets\look.imageset\look.png	230	225	True	True	10504	43192	success
fruits_loquat	loquat	android\app\src\main\res\drawable\loquat.webp	WEBP	465	270	True	True	Resources\LanguageImages.xcassets\loquat.imageset\loquat.png	465	270	True	True	32286	195404	success
other_magic	magic	android\app\src\main\res\drawable\magic.webp	WEBP	432	466	True	True	Resources\LanguageImages.xcassets\magic.imageset\magic.png	432	466	True	True	16714	70901	success
school_magnet	magnet	android\app\src\main\res\drawable\magnet.webp	WEBP	1017	540	True	True	Resources\LanguageImages.xcassets\magnet.imageset\magnet.png	1017	540	True	True	212672	846022	success
people_man	man	android\app\src\main\res\drawable\man.webp	WEBP	243	317	True	True	Resources\LanguageImages.xcassets\man.imageset\man.png	243	317	True	True	10230	58430	success
fruits_mandarin	mandarin	android\app\src\main\res\drawable\mandarin.webp	WEBP	325	268	True	True	Resources\LanguageImages.xcassets\mandarin.imageset\mandarin.png	325	268	True	True	17020	95447	success
school_marker	marker	android\app\src\main\res\drawable\marker.webp	WEBP	161	345	True	True	Resources\LanguageImages.xcassets\marker.imageset\marker.png	161	345	True	True	10820	31845	success
colors_maroon	maroon	android\app\src\main\res\drawable\maroon.webp	WEBP	442	249	True	True	Resources\LanguageImages.xcassets\maroon.imageset\maroon.png	442	249	True	True	3074	22995	success
home_mattress	mattress	android\app\src\main\res\drawable\mattress.webp	WEBP	825	832	True	True	Resources\LanguageImages.xcassets\mattress.imageset\mattress.png	825	832	True	True	207344	850280	success
jobs_mechanic	mechanic	android\app\src\main\res\drawable\mechanic.webp	WEBP	376	408	True	True	Resources\LanguageImages.xcassets\mechanic.imageset\mechanic.png	376	408	True	True	36920	150137	success
school_microscope	microscope	android\app\src\main\res\drawable\microscope.webp	WEBP	230	363	True	True	Resources\LanguageImages.xcassets\microscope.imageset\microscope.png	230	363	True	True	20036	88796	success
home_microwave	microwave	android\app\src\main\res\drawable\microwave.webp	WEBP	474	316	True	True	Resources\LanguageImages.xcassets\microwave.imageset\microwave.png	474	316	True	True	24622	131313	success
food_milk	milk	android\app\src\main\res\drawable\milk.webp	WEBP	225	359	True	True	Resources\LanguageImages.xcassets\milk.imageset\milk.png	225	359	True	True	8560	44964	success
people_mom	mom	android\app\src\main\res\drawable\mom.webp	WEBP	298	331	True	True	Resources\LanguageImages.xcassets\mom.imageset\mom.png	298	331	True	True	12442	70602	success
animals_monkey	monkey	android\app\src\main\res\drawable\monkey.webp	WEBP	299	393	True	True	Resources\LanguageImages.xcassets\monkey.imageset\monkey.png	299	393	True	True	25004	125512	success
home_motorcycle	motorcycle	android\app\src\main\res\drawable\motorcycle.webp	WEBP	425	316	True	True	Resources\LanguageImages.xcassets\motorcycle.imageset\motorcycle.png	425	316	True	True	36952	171139	success
animals_mouse	mouse	android\app\src\main\res\drawable\mouse.webp	WEBP	350	338	True	True	Resources\LanguageImages.xcassets\mouse.imageset\mouse.png	350	338	True	True	20846	99608	success
vegetables_mushroom	mushroom	android\app\src\main\res\drawable\mushroom.webp	WEBP	270	315	True	True	Resources\LanguageImages.xcassets\mushroom.imageset\mushroom.png	270	315	True	True	16626	82317	success
jobs_musician	musician	android\app\src\main\res\drawable\musician.webp	WEBP	638	697	True	True	Resources\LanguageImages.xcassets\musician.imageset\musician.png	638	697	True	True	194576	762105	success
colors_mustard	mustard	android\app\src\main\res\drawable\mustard.webp	WEBP	760	781	True	True	Resources\LanguageImages.xcassets\mustard.imageset\mustard.png	760	781	True	True	152808	561019	success
fruits_nectarine	nectarine	android\app\src\main\res\drawable\nectarine.webp	WEBP	286	214	True	True	Resources\LanguageImages.xcassets\nectarine.imageset\nectarine.png	286	214	True	True	15706	75886	success
people_neighbor	neighbor	android\app\src\main\res\drawable\neighbor.webp	WEBP	331	329	True	True	Resources\LanguageImages.xcassets\neighbor.imageset\neighbor.png	331	329	True	True	13100	76765	success
body_nose	nose	android\app\src\main\res\drawable\nose.webp	WEBP	353	285	True	True	Resources\LanguageImages.xcassets\nose.imageset\nose.png	353	285	True	True	11952	61998	success
school_supplies_notebook	notebook	android\app\src\main\res\drawable\notebook.webp	WEBP	282	327	True	True	Resources\LanguageImages.xcassets\notebook.imageset\notebook.png	282	327	True	True	12752	49478	success
jobs_nurse	nurse	android\app\src\main\res\drawable\nurse.webp	WEBP	186	380	True	True	Resources\LanguageImages.xcassets\nurse.imageset\nurse.png	186	380	True	True	13890	59590	success
shapes_octagon	octagon	android\app\src\main\res\drawable\octagon.webp	WEBP	357	357	True	True	Resources\LanguageImages.xcassets\octagon.imageset\octagon.png	357	357	True	True	8810	30179	success
home_oven	oven	android\app\src\main\res\drawable\oven.webp	WEBP	432	334	True	True	Resources\LanguageImages.xcassets\oven.imageset\oven.png	432	334	True	True	25106	116864	success
other_palace	palace	android\app\src\main\res\drawable\palace.webp	WEBP	431	527	True	True	Resources\LanguageImages.xcassets\palace.imageset\palace.png	431	527	True	True	19310	105967	success
food_pancake	pancake	android\app\src\main\res\drawable\pancake.webp	WEBP	347	332	True	True	Resources\LanguageImages.xcassets\pancake.imageset\pancake.png	347	332	True	True	32134	183085	success
fruits_papaya	papaya	android\app\src\main\res\drawable\papaya.webp	WEBP	235	231	True	True	Resources\LanguageImages.xcassets\papaya.imageset\papaya.png	235	231	True	True	10836	51022	success
jobs_paramedic	paramedic	android\app\src\main\res\drawable\paramedic.webp	WEBP	800	815	True	True	Resources\LanguageImages.xcassets\paramedic.imageset\paramedic.png	800	815	True	True	143454	541103	success
vegetables_parsley	parsley	android\app\src\main\res\drawable\parsley.webp	WEBP	432	387	True	True	Resources\LanguageImages.xcassets\parsley.imageset\parsley.png	432	387	True	True	58184	253663	success
vegetables_parsley_root	parsley_root	android\app\src\main\res\drawable\parsley_root.webp	WEBP	431	397	True	True	Resources\LanguageImages.xcassets\parsley_root.imageset\parsley_root.png	431	397	True	True	9262	49712	success
food_pasta	pasta	android\app\src\main\res\drawable\pasta.webp	WEBP	384	328	True	True	Resources\LanguageImages.xcassets\pasta.imageset\pasta.png	384	328	True	True	30026	164583	success
vegetables_pea	pea	android\app\src\main\res\drawable\pea.webp	WEBP	429	231	True	True	Resources\LanguageImages.xcassets\pea.imageset\pea.png	429	231	True	True	26144	137432	success
fruits_pear	pear	android\app\src\main\res\drawable\pear.webp	WEBP	210	344	True	True	Resources\LanguageImages.xcassets\pear.imageset\pear.png	210	344	True	True	6232	28299	success
school_pen	pen	android\app\src\main\res\drawable\pen.webp	WEBP	295	306	True	True	Resources\LanguageImages.xcassets\pen.imageset\pen.png	295	306	True	True	11126	52732	success
school_pencil	pencil	android\app\src\main\res\drawable\pencil.webp	WEBP	302	301	True	True	Resources\LanguageImages.xcassets\pencil.imageset\pencil.png	302	301	True	True	5044	26309	success
shapes_pentagon	pentagon	android\app\src\main\res\drawable\pentagon.webp	WEBP	342	326	True	True	Resources\LanguageImages.xcassets\pentagon.imageset\pentagon.png	342	326	True	True	3914	5436	success
vegetables_pepper	pepper	android\app\src\main\res\drawable\pepper.webp	WEBP	824	1006	True	True	Resources\LanguageImages.xcassets\pepper.imageset\pepper.png	824	1006	True	True	116308	538140	success
fruits_persimmon	persimmon	android\app\src\main\res\drawable\persimmon.webp	WEBP	337	311	True	True	Resources\LanguageImages.xcassets\persimmon.imageset\persimmon.png	337	311	True	True	34862	124364	success
jobs_pharmacist	pharmacist	android\app\src\main\res\drawable\pharmacist.webp	WEBP	356	356	False	False	Resources\LanguageImages.xcassets\pharmacist.imageset\pharmacist.png	356	356	False	False	17202	98219	success
home_phone	phone	android\app\src\main\res\drawable\phone.webp	WEBP	298	277	True	True	Resources\LanguageImages.xcassets\phone.imageset\phone.png	298	277	True	True	3092	5028	success
jobs_photographer	photographer	android\app\src\main\res\drawable\photographer.webp	WEBP	235	328	True	True	Resources\LanguageImages.xcassets\photographer.imageset\photographer.png	235	328	True	True	12994	55029	success
animals_pig	pig	android\app\src\main\res\drawable\pig.webp	WEBP	220	218	True	True	Resources\LanguageImages.xcassets\pig.imageset\pig.png	220	218	True	True	11640	56920	success
jobs_pilot	pilot	android\app\src\main\res\drawable\pilot.webp	WEBP	384	272	True	True	Resources\LanguageImages.xcassets\pilot.imageset\pilot.png	384	272	True	True	34604	125737	success
fruits_pineapple	pineapple	android\app\src\main\res\drawable\pineapple.webp	WEBP	190	333	True	True	Resources\LanguageImages.xcassets\pineapple.imageset\pineapple.png	190	333	True	True	21322	102771	success
colors_pink	pink	android\app\src\main\res\drawable\pink.webp	WEBP	358	339	True	True	Resources\LanguageImages.xcassets\pink.imageset\pink.png	358	339	True	True	58412	132507	success
other_pirate	pirate	android\app\src\main\res\drawable\pirate.webp	WEBP	269	499	True	True	Resources\LanguageImages.xcassets\pirate.imageset\pirate.png	269	499	True	True	19608	109393	success
food_pita	pita	android\app\src\main\res\drawable\pita.webp	WEBP	422	210	True	True	Resources\LanguageImages.xcassets\pita.imageset\pita.png	422	210	True	True	10330	66137	success
food_pizza	pizza	android\app\src\main\res\drawable\pizza.webp	WEBP	275	232	True	True	Resources\LanguageImages.xcassets\pizza.imageset\pizza.png	275	232	True	True	26898	99957	success
transport_plane	plane	android\app\src\main\res\drawable\plane.webp	WEBP	279	130	True	True	Resources\LanguageImages.xcassets\plane.imageset\plane.png	279	130	True	True	7512	33027	success
home_plate	plate	android\app\src\main\res\drawable\plate.webp	WEBP	315	315	True	True	Resources\LanguageImages.xcassets\plate.imageset\plate.png	315	315	True	True	11916	65856	success
verbs_play	play	android\app\src\main\res\drawable\play.webp	WEBP	249	222	True	True	Resources\LanguageImages.xcassets\play.imageset\play.png	249	222	True	True	19052	88973	success
jobs_police_officer	police_officer	android\app\src\main\res\drawable\police_officer.webp	WEBP	268	326	True	True	Resources\LanguageImages.xcassets\police_officer.imageset\police_officer.png	268	326	True	True	25500	114762	success
fruits_pomegranate	pomegranate	android\app\src\main\res\drawable\pomegranate.webp	WEBP	295	263	True	True	Resources\LanguageImages.xcassets\pomegranate.imageset\pomegranate.png	295	263	True	True	20458	107931	success
vegetables_potato	potato	android\app\src\main\res\drawable\potato.webp	WEBP	336	386	True	True	Resources\LanguageImages.xcassets\potato.imageset\potato.png	336	386	True	True	7140	36177	success
home_power_outlet	power_outlet	android\app\src\main\res\drawable\power_outlet.webp	WEBP	260	342	True	True	Resources\LanguageImages.xcassets\power_outlet.imageset\power_outlet.png	260	342	True	True	12070	52075	success
other_prince	prince	android\app\src\main\res\drawable\prince.webp	WEBP	230	328	True	True	Resources\LanguageImages.xcassets\prince.imageset\prince.png	230	328	True	True	17608	92024	success
other_princess	princess	android\app\src\main\res\drawable\princess.webp	WEBP	202	337	True	True	Resources\LanguageImages.xcassets\princess.imageset\princess.png	202	337	True	True	14802	74693	success
tech_printer	printer	android\app\src\main\res\drawable\printer.webp	WEBP	424	374	True	True	Resources\LanguageImages.xcassets\printer.imageset\printer.png	424	374	True	True	8198	47583	success
shapes_prism	prism	android\app\src\main\res\drawable\prism.webp	WEBP	900	645	True	True	Resources\LanguageImages.xcassets\prism.imageset\prism.png	900	645	True	True	184036	660459	success
jobs_programmer	programmer	android\app\src\main\res\drawable\programmer.webp	WEBP	885	822	True	True	Resources\LanguageImages.xcassets\programmer.imageset\programmer.png	885	822	True	True	84466	568139	success
school_projector	projector	android\app\src\main\res\drawable\projector.webp	WEBP	584	331	True	True	Resources\LanguageImages.xcassets\projector.imageset\projector.png	584	331	True	True	16624	98804	success
school_protractor	protractor	android\app\src\main\res\drawable\protractor.webp	WEBP	432	280	True	True	Resources\LanguageImages.xcassets\protractor.imageset\protractor.png	432	280	True	True	14888	63724	success
vegetables_pumpkin	pumpkin	android\app\src\main\res\drawable\pumpkin.webp	WEBP	340	345	True	True	Resources\LanguageImages.xcassets\pumpkin.imageset\pumpkin.png	340	345	True	True	9716	54724	success
colors_purple	purple	android\app\src\main\res\drawable\purple.webp	WEBP	307	317	True	True	Resources\LanguageImages.xcassets\purple.imageset\purple.png	307	317	True	True	35664	107279	success
other_queen	queen	android\app\src\main\res\drawable\queen.webp	WEBP	276	395	True	True	Resources\LanguageImages.xcassets\queen.imageset\queen.png	276	395	True	True	41408	134380	success
fruits_quince	quince	android\app\src\main\res\drawable\quince.webp	WEBP	256	290	True	True	Resources\LanguageImages.xcassets\quince.imageset\quince.png	256	290	True	True	15292	87319	success
animals_rabbit	rabbit	android\app\src\main\res\drawable\rabbit.webp	WEBP	234	302	True	True	Resources\LanguageImages.xcassets\rabbit.imageset\rabbit.png	234	302	True	True	18784	68005	success
tech_radio	radio	android\app\src\main\res\drawable\radio.webp	WEBP	300	221	True	True	Resources\LanguageImages.xcassets\radio.imageset\radio.png	300	221	True	True	5992	27176	success
vegetables_radish	radish	android\app\src\main\res\drawable\radish.webp	WEBP	458	489	True	True	Resources\LanguageImages.xcassets\radish.imageset\radish.png	458	489	True	True	26324	168709	success
fruits_raspberry	raspberry	android\app\src\main\res\drawable\raspberry.webp	WEBP	287	314	True	True	Resources\LanguageImages.xcassets\raspberry.imageset\raspberry.png	287	314	True	True	13460	95753	success
verbs_read	read	android\app\src\main\res\drawable\read.webp	WEBP	278	339	True	True	Resources\LanguageImages.xcassets\read.imageset\read.png	278	339	True	True	17268	93115	success
shapes_rectangle	rectangle	android\app\src\main\res\drawable\rectangle.webp	WEBP	651	251	True	True	Resources\LanguageImages.xcassets\rectangle.imageset\rectangle.png	651	251	True	True	1174	1740	success
home_recycling_bin	recycling_bin	android\app\src\main\res\drawable\recycling_bin.webp	WEBP	265	365	True	True	Resources\LanguageImages.xcassets\recycling_bin.imageset\recycling_bin.png	265	365	True	True	9162	40403	success
colors_red	red	android\app\src\main\res\drawable\red.webp	WEBP	335	312	True	True	Resources\LanguageImages.xcassets\red.imageset\red.png	335	312	True	True	12300	52404	success
tech_remote_control	remote_control	android\app\src\main\res\drawable\remote_control.webp	WEBP	205	185	True	True	Resources\LanguageImages.xcassets\remote_control.imageset\remote_control.png	205	185	True	True	6112	28676	success
food_restaurant	restaurant	android\app\src\main\res\drawable\restaurant.webp	WEBP	155	117	True	True	Resources\LanguageImages.xcassets\restaurant.imageset\restaurant.png	155	117	True	True	5058	25112	success
shapes_rhombus	rhombus	android\app\src\main\res\drawable\rhombus.webp	WEBP	589	608	True	True	Resources\LanguageImages.xcassets\rhombus.imageset\rhombus.png	589	608	True	True	87442	350225	success
food_rice	rice	android\app\src\main\res\drawable\rice.webp	WEBP	398	290	True	True	Resources\LanguageImages.xcassets\rice.imageset\rice.png	398	290	True	True	28222	169728	success
shapes_ring	ring	android\app\src\main\res\drawable\ring.webp	WEBP	404	277	True	True	Resources\LanguageImages.xcassets\ring.imageset\ring.png	404	277	True	True	16542	95432	success
tech_robot	robot	android\app\src\main\res\drawable\robot.webp	WEBP	227	356	True	True	Resources\LanguageImages.xcassets\robot.imageset\robot.png	227	356	True	True	14268	64798	success
tech_rocket	rocket	android\app\src\main\res\drawable\rocket.webp	WEBP	94	141	True	True	Resources\LanguageImages.xcassets\rocket.imageset\rocket.png	94	141	True	True	6110	21288	success
tech_router	router	android\app\src\main\res\drawable\router.webp	WEBP	427	320	True	True	Resources\LanguageImages.xcassets\router.imageset\router.png	427	320	True	True	11876	55677	success
colors_ruby	ruby	android\app\src\main\res\drawable\ruby.webp	WEBP	668	752	True	True	Resources\LanguageImages.xcassets\ruby.imageset\ruby.png	668	752	True	True	317526	1013325	success
home_rug	rug	android\app\src\main\res\drawable\rug.webp	WEBP	491	163	True	True	Resources\LanguageImages.xcassets\rug.imageset\rug.png	491	163	True	True	7502	42990	success
school_ruler	ruler	android\app\src\main\res\drawable\ruler.webp	WEBP	426	225	True	True	Resources\LanguageImages.xcassets\ruler.imageset\ruler.png	426	225	True	True	16998	63507	success
verbs_run	run	android\app\src\main\res\drawable\run.webp	WEBP	293	354	True	True	Resources\LanguageImages.xcassets\run.imageset\run.png	293	354	True	True	17218	84959	success
jobs_sailor	sailor	android\app\src\main\res\drawable\sailor.webp	WEBP	179	420	True	True	Resources\LanguageImages.xcassets\sailor.imageset\sailor.png	179	420	True	True	17364	73783	success
food_sandwich	sandwich	android\app\src\main\res\drawable\sandwich.webp	WEBP	405	299	True	True	Resources\LanguageImages.xcassets\sandwich.imageset\sandwich.png	405	299	True	True	44690	196407	success
tech_satellite	satellite	android\app\src\main\res\drawable\satellite.webp	WEBP	1536	1024	False	False	Resources\LanguageImages.xcassets\satellite.imageset\satellite.png	1536	1024	False	False	156366	872081	success
vegetables_scallion	scallion	android\app\src\main\res\drawable\scallion.webp	WEBP	204	443	True	True	Resources\LanguageImages.xcassets\scallion.imageset\scallion.png	204	443	True	True	18152	71008	success
jobs_scientist	scientist	android\app\src\main\res\drawable\scientist.webp	WEBP	253	294	True	True	Resources\LanguageImages.xcassets\scientist.imageset\scientist.png	253	294	True	True	16140	80839	success
school_scissors	scissors	android\app\src\main\res\drawable\scissors.webp	WEBP	255	318	True	True	Resources\LanguageImages.xcassets\scissors.imageset\scissors.png	255	318	True	True	11996	44788	success
tech_screen	screen	android\app\src\main\res\drawable\screen.webp	WEBP	431	356	True	True	Resources\LanguageImages.xcassets\screen.imageset\screen.png	431	356	True	True	1950	3288	success
vegetables_shallot	shallot	android\app\src\main\res\drawable\shallot.webp	WEBP	523	369	True	True	Resources\LanguageImages.xcassets\shallot.imageset\shallot.png	523	369	True	True	28132	196140	success
animals_shark	shark	android\app\src\main\res\drawable\shark.webp	WEBP	313	381	True	True	Resources\LanguageImages.xcassets\shark.imageset\shark.png	313	381	True	True	19646	97387	success
school_sharpener	sharpener	android\app\src\main\res\drawable\sharpener.webp	WEBP	235	247	True	True	Resources\LanguageImages.xcassets\sharpener.imageset\sharpener.png	235	247	True	True	13600	65695	success
animals_sheep	sheep	android\app\src\main\res\drawable\sheep.webp	WEBP	279	313	True	True	Resources\LanguageImages.xcassets\sheep.imageset\sheep.png	279	313	True	True	13528	62669	success
home_shelf	shelf	android\app\src\main\res\drawable\shelf.webp	WEBP	864	105	True	True	Resources\LanguageImages.xcassets\shelf.imageset\shelf.png	864	105	True	True	4618	20420	success
other_shield	shield	android\app\src\main\res\drawable\shield.webp	WEBP	286	379	True	True	Resources\LanguageImages.xcassets\shield.imageset\shield.png	286	379	True	True	21054	135760	success
transport_ship	ship	android\app\src\main\res\drawable\ship.webp	WEBP	340	336	True	True	Resources\LanguageImages.xcassets\ship.imageset\ship.png	340	336	True	True	30952	126227	success
home_shower	shower	android\app\src\main\res\drawable\shower.webp	WEBP	237	357	True	True	Resources\LanguageImages.xcassets\shower.imageset\shower.png	237	357	True	True	20056	72742	success
people_siblings	siblings	android\app\src\main\res\drawable\siblings.webp	WEBP	855	844	True	True	Resources\LanguageImages.xcassets\siblings.imageset\siblings.png	855	844	True	True	80710	522626	success
tech_sign	sign	android\app\src\main\res\drawable\sign.webp	WEBP	235	285	True	True	Resources\LanguageImages.xcassets\sign.imageset\sign.png	235	285	True	True	5448	24465	success
colors_silver	silver	android\app\src\main\res\drawable\silver.webp	WEBP	324	324	True	True	Resources\LanguageImages.xcassets\silver.imageset\silver.png	324	324	True	True	7196	37813	success
verbs_sing	sing	android\app\src\main\res\drawable\sing.webp	WEBP	330	237	True	True	Resources\LanguageImages.xcassets\sing.imageset\sing.png	330	237	True	True	26910	100527	success
jobs_singer	singer	android\app\src\main\res\drawable\singer.webp	WEBP	266	352	True	True	Resources\LanguageImages.xcassets\singer.imageset\singer.png	266	352	True	True	17430	75323	success
home_sink	sink	android\app\src\main\res\drawable\sink.webp	WEBP	221	279	True	True	Resources\LanguageImages.xcassets\sink.imageset\sink.png	221	279	True	True	7998	23402	success
people_sisters	sisters	android\app\src\main\res\drawable\sisters.webp	WEBP	404	337	True	True	Resources\LanguageImages.xcassets\sisters.imageset\sisters.png	404	337	True	True	21318	114158	success
verbs_sit	sit	android\app\src\main\res\drawable\sit.webp	WEBP	218	378	True	True	Resources\LanguageImages.xcassets\sit.imageset\sit.png	218	378	True	True	21918	108078	success
verbs_sleep	sleep	android\app\src\main\res\drawable\sleep.webp	WEBP	360	368	True	True	Resources\LanguageImages.xcassets\sleep.imageset\sleep.png	360	368	True	True	17414	106692	success
tech_smartwatch	smartwatch	android\app\src\main\res\drawable\smartwatch.webp	WEBP	783	942	True	True	Resources\LanguageImages.xcassets\smartwatch.imageset\smartwatch.png	783	942	True	True	386230	1324405	success
home_smoke_detector	smoke_detector	android\app\src\main\res\drawable\smoke_detector.webp	WEBP	185	188	True	True	Resources\LanguageImages.xcassets\smoke_detector.imageset\smoke_detector.png	185	188	True	True	5906	26640	success
animals_snake	snake	android\app\src\main\res\drawable\snake.webp	WEBP	311	221	True	True	Resources\LanguageImages.xcassets\snake.imageset\snake.png	311	221	True	True	16948	76180	success
home_soap	soap	android\app\src\main\res\drawable\soap.webp	WEBP	323	323	True	True	Resources\LanguageImages.xcassets\soap.imageset\soap.png	323	323	True	True	13994	72512	success
shapes_soccer_ball	soccer_ball	android\app\src\main\res\drawable\soccer_ball.webp	WEBP	124	125	True	True	Resources\LanguageImages.xcassets\soccer_ball.imageset\soccer_ball.png	124	125	True	True	4788	13705	success
home_sofa	sofa	android\app\src\main\res\drawable\sofa.webp	WEBP	432	216	True	True	Resources\LanguageImages.xcassets\sofa.imageset\sofa.png	432	216	True	True	7904	47194	success
jobs_soldier	soldier	android\app\src\main\res\drawable\soldier.webp	WEBP	595	738	True	True	Resources\LanguageImages.xcassets\soldier.imageset\soldier.png	595	738	True	True	164362	671128	success
people_son	son	android\app\src\main\res\drawable\son.webp	WEBP	277	388	True	True	Resources\LanguageImages.xcassets\son.imageset\son.png	277	388	True	True	26544	120495	success
food_soup	soup	android\app\src\main\res\drawable\soup.webp	WEBP	145	120	True	True	Resources\LanguageImages.xcassets\soup.imageset\soup.png	145	120	True	True	4108	15788	success
fruits_soursop	soursop	android\app\src\main\res\drawable\soursop.webp	WEBP	174	174	True	True	Resources\LanguageImages.xcassets\soursop.imageset\soursop.png	174	174	True	True	12960	59605	success
tech_speaker	speaker	android\app\src\main\res\drawable\speaker.webp	WEBP	374	589	True	True	Resources\LanguageImages.xcassets\speaker.imageset\speaker.png	374	589	True	True	22850	127200	success
shapes_sphere	sphere	android\app\src\main\res\drawable\sphere.webp	WEBP	302	302	True	True	Resources\LanguageImages.xcassets\sphere.imageset\sphere.png	302	302	True	True	44342	143452	success
shapes_square	square	android\app\src\main\res\drawable\square.webp	WEBP	319	319	True	True	Resources\LanguageImages.xcassets\square.imageset\square.png	319	319	True	True	1162	2211	success
verbs_stand	stand	android\app\src\main\res\drawable\stand.webp	WEBP	210	293	True	True	Resources\LanguageImages.xcassets\stand.imageset\stand.png	210	293	True	True	4662	6723	success
school_stapler	stapler	android\app\src\main\res\drawable\stapler.webp	WEBP	561	233	True	True	Resources\LanguageImages.xcassets\stapler.imageset\stapler.png	561	233	True	True	10314	48054	success
shapes_star	star	android\app\src\main\res\drawable\star.webp	WEBP	350	333	True	True	Resources\LanguageImages.xcassets\star.imageset\star.png	350	333	True	True	7962	28886	success
shapes_star_of_david	star_of_david	android\app\src\main\res\drawable\star_of_david.webp	WEBP	432	505	True	True	Resources\LanguageImages.xcassets\star_of_david.imageset\star_of_david.png	432	505	True	True	16948	68977	success
food_stew	stew	android\app\src\main\res\drawable\stew.webp	WEBP	153	113	True	True	Resources\LanguageImages.xcassets\stew.imageset\stew.png	153	113	True	True	4884	24509	success
home_stopper	stopper	android\app\src\main\res\drawable\stopper.webp	WEBP	191	154	True	True	Resources\LanguageImages.xcassets\stopper.imageset\stopper.png	191	154	True	True	10016	45773	success
home_stove	stove	android\app\src\main\res\drawable\stove.webp	WEBP	350	176	True	True	Resources\LanguageImages.xcassets\stove.imageset\stove.png	350	176	True	True	16360	60801	success
people_stranger	stranger	android\app\src\main\res\drawable\stranger.webp	WEBP	182	284	True	True	Resources\LanguageImages.xcassets\stranger.imageset\stranger.png	182	284	True	True	9260	24418	success
fruits_strawberry	strawberry	android\app\src\main\res\drawable\strawberry.webp	WEBP	276	355	True	True	Resources\LanguageImages.xcassets\strawberry.imageset\strawberry.png	276	355	True	True	10666	60529	success
people_student	student	android\app\src\main\res\drawable\student.webp	WEBP	249	369	True	True	Resources\LanguageImages.xcassets\student.imageset\student.png	249	369	True	True	13732	61832	success
vegetables_sweet_potato	sweet_potato	android\app\src\main\res\drawable\sweet_potato.webp	WEBP	528	315	True	True	Resources\LanguageImages.xcassets\sweet_potato.imageset\sweet_potato.png	528	315	True	True	38916	243580	success
home_table	table	android\app\src\main\res\drawable\table.webp	WEBP	327	231	True	True	Resources\LanguageImages.xcassets\table.imageset\table.png	327	231	True	True	3218	10703	success
school_tablet	tablet	android\app\src\main\res\drawable\tablet.webp	WEBP	431	428	True	True	Resources\LanguageImages.xcassets\tablet.imageset\tablet.png	431	428	True	True	15052	77781	success
jobs_tailor	tailor	android\app\src\main\res\drawable\tailor.webp	WEBP	387	419	True	True	Resources\LanguageImages.xcassets\tailor.imageset\tailor.png	387	419	True	True	13422	77269	success
fruits_tamarind	tamarind	android\app\src\main\res\drawable\tamarind.webp	WEBP	178	180	True	True	Resources\LanguageImages.xcassets\tamarind.imageset\tamarind.png	178	180	True	True	12364	52158	success
home_taxi	taxi	android\app\src\main\res\drawable\taxi.webp	WEBP	515	207	True	True	Resources\LanguageImages.xcassets\taxi.imageset\taxi.png	515	207	True	True	13524	75893	success
jobs_teacher	teacher	android\app\src\main\res\drawable\teacher.webp	WEBP	401	286	True	True	Resources\LanguageImages.xcassets\teacher.imageset\teacher.png	401	286	True	True	15386	96840	success
school_telescope	telescope	android\app\src\main\res\drawable\telescope.webp	WEBP	318	360	True	True	Resources\LanguageImages.xcassets\telescope.imageset\telescope.png	318	360	True	True	9736	44682	success
tech_television	television	android\app\src\main\res\drawable\television.webp	WEBP	432	442	True	True	Resources\LanguageImages.xcassets\television.imageset\television.png	432	442	True	True	25016	117916	success
shapes_tennis_ball	tennis_ball	android\app\src\main\res\drawable\tennis_ball.webp	WEBP	116	116	True	True	Resources\LanguageImages.xcassets\tennis_ball.imageset\tennis_ball.png	116	116	True	True	5240	24520	success
school_test_tube	test_tube	android\app\src\main\res\drawable\test_tube.webp	WEBP	312	758	True	True	Resources\LanguageImages.xcassets\test_tube.imageset\test_tube.png	312	758	True	True	84934	314177	success
school_thermometer	thermometer	android\app\src\main\res\drawable\thermometer.webp	WEBP	143	315	True	True	Resources\LanguageImages.xcassets\thermometer.imageset\thermometer.png	143	315	True	True	7818	30639	success
home_thermostat	thermostat	android\app\src\main\res\drawable\thermostat.webp	WEBP	689	703	True	True	Resources\LanguageImages.xcassets\thermostat.imageset\thermostat.png	689	703	True	True	195040	732571	success
verbs_throw	throw_img	android\app\src\main\res\drawable\throw_img.webp	WEBP	317	348	True	True	Resources\LanguageImages.xcassets\throw_img.imageset\throw_img.png	317	348	True	True	14696	67653	success
animals_tiger	tiger	android\app\src\main\res\drawable\tiger.webp	WEBP	312	421	True	True	Resources\LanguageImages.xcassets\tiger.imageset\tiger.png	312	421	True	True	28748	165611	success
vegetables_tomato	tomato	android\app\src\main\res\drawable\tomato.webp	WEBP	339	348	True	True	Resources\LanguageImages.xcassets\tomato.imageset\tomato.png	339	348	True	True	12404	89622	success
home_toothbrush	toothbrush	android\app\src\main\res\drawable\toothbrush.webp	WEBP	250	309	True	True	Resources\LanguageImages.xcassets\toothbrush.imageset\toothbrush.png	250	309	True	True	9288	44072	success
home_toothpaste	toothpaste	android\app\src\main\res\drawable\toothpaste.webp	WEBP	319	318	True	True	Resources\LanguageImages.xcassets\toothpaste.imageset\toothpaste.png	319	318	True	True	10624	60235	success
home_towel	towel	android\app\src\main\res\drawable\towel.webp	WEBP	477	448	True	True	Resources\LanguageImages.xcassets\towel.imageset\towel.png	477	448	True	True	24172	88840	success
transport_toy	toy	android\app\src\main\res\drawable\toy.webp	WEBP	106	145	True	True	Resources\LanguageImages.xcassets\toy.imageset\toy.png	106	145	True	True	4430	18530	success
transport_traffic_light	traffic_light	android\app\src\main\res\drawable\traffic_light.webp	WEBP	93	205	True	True	Resources\LanguageImages.xcassets\traffic_light.imageset\traffic_light.png	93	205	True	True	4500	15470	success
transport_train	train	android\app\src\main\res\drawable\train.webp	WEBP	256	124	True	True	Resources\LanguageImages.xcassets\train.imageset\train.png	256	124	True	True	8366	26015	success
shapes_trapezoid	trapezoid	android\app\src\main\res\drawable\trapezoid.webp	WEBP	682	420	True	True	Resources\LanguageImages.xcassets\trapezoid.imageset\trapezoid.png	682	420	True	True	74508	248036	success
shapes_triangle	triangle	android\app\src\main\res\drawable\triangle.webp	WEBP	431	375	True	True	Resources\LanguageImages.xcassets\triangle.imageset\triangle.png	431	375	True	True	5574	23086	success
other_trophy	trophy	android\app\src\main\res\drawable\trophy.webp	WEBP	84	126	True	True	Resources\LanguageImages.xcassets\trophy.imageset\trophy.png	84	126	True	True	3672	13613	success
home_truck	truck	android\app\src\main\res\drawable\truck.webp	WEBP	402	222	True	True	Resources\LanguageImages.xcassets\truck.imageset\truck.png	402	222	True	True	13622	64805	success
vegetables_turnip	turnip	android\app\src\main\res\drawable\turnip.webp	WEBP	308	399	True	True	Resources\LanguageImages.xcassets\turnip.imageset\turnip.png	308	399	True	True	14038	83094	success
colors_turquoise	turquoise	android\app\src\main\res\drawable\turquoise.webp	WEBP	412	409	True	True	Resources\LanguageImages.xcassets\turquoise.imageset\turquoise.png	412	409	True	True	47860	97159	success
animals_turtle	turtle	android\app\src\main\res\drawable\turtle.webp	WEBP	432	297	True	True	Resources\LanguageImages.xcassets\turtle.imageset\turtle.png	432	297	True	True	12298	63725	success
people_twins	twins	android\app\src\main\res\drawable\twins.webp	WEBP	466	317	True	True	Resources\LanguageImages.xcassets\twins.imageset\twins.png	466	317	True	True	26052	146096	success
other_unicorn	unicorn	android\app\src\main\res\drawable\unicorn.webp	WEBP	473	455	True	True	Resources\LanguageImages.xcassets\unicorn.imageset\unicorn.png	473	455	True	True	36092	152234	success
home_vacuum_cleaner	vacuum_cleaner	android\app\src\main\res\drawable\vacuum_cleaner.webp	WEBP	310	316	True	True	Resources\LanguageImages.xcassets\vacuum_cleaner.imageset\vacuum_cleaner.png	310	316	True	True	22290	91482	success
jobs_veterinarian	veterinarian	android\app\src\main\res\drawable\veterinarian.webp	WEBP	505	341	True	True	Resources\LanguageImages.xcassets\veterinarian.imageset\veterinarian.png	505	341	True	True	28834	139229	success
colors_violet	violet	android\app\src\main\res\drawable\violet.webp	WEBP	243	485	True	True	Resources\LanguageImages.xcassets\violet.imageset\violet.png	243	485	True	True	28168	141113	success
other_violin	violin	android\app\src\main\res\drawable\violin.webp	WEBP	236	334	True	True	Resources\LanguageImages.xcassets\violin.imageset\violin.png	236	334	True	True	13594	57938	success
shapes_volleyball	volleyball	android\app\src\main\res\drawable\volleyball.webp	WEBP	159	159	True	True	Resources\LanguageImages.xcassets\volleyball.imageset\volleyball.png	159	159	True	True	5484	24072	success
verbs_wash	wash	android\app\src\main\res\drawable\wash.webp	WEBP	202	248	True	True	Resources\LanguageImages.xcassets\wash.imageset\wash.png	202	248	True	True	10460	48657	success
home_washing_machine	washing_machine	android\app\src\main\res\drawable\washing_machine.webp	WEBP	270	316	True	True	Resources\LanguageImages.xcassets\washing_machine.imageset\washing_machine.png	270	316	True	True	17972	89693	success
food_water	water	android\app\src\main\res\drawable\water.webp	WEBP	240	385	True	True	Resources\LanguageImages.xcassets\water.imageset\water.png	240	385	True	True	13366	78217	success
vegetables_watercress	watercress	android\app\src\main\res\drawable\watercress.webp	WEBP	372	421	True	True	Resources\LanguageImages.xcassets\watercress.imageset\watercress.png	372	421	True	True	35866	192551	success
fruits_watermelon	watermelon	android\app\src\main\res\drawable\watermelon.webp	WEBP	198	143	True	True	Resources\LanguageImages.xcassets\watermelon.imageset\watermelon.png	198	143	True	True	6340	23738	success
animals_whale	whale	android\app\src\main\res\drawable\whale.webp	WEBP	596	454	True	True	Resources\LanguageImages.xcassets\whale.imageset\whale.png	596	454	True	True	29610	172645	success
transport_wheel	wheel	android\app\src\main\res\drawable\wheel.webp	WEBP	162	162	True	True	Resources\LanguageImages.xcassets\wheel.imageset\wheel.png	162	162	True	True	6198	14193	success
colors_white	white	android\app\src\main\res\drawable\white.webp	WEBP	277	390	True	True	Resources\LanguageImages.xcassets\white.imageset\white.png	277	390	True	True	2950	8848	success
school_whiteboard	whiteboard	android\app\src\main\res\drawable\whiteboard.webp	WEBP	285	280	True	True	Resources\LanguageImages.xcassets\whiteboard.imageset\whiteboard.png	285	280	True	True	4278	14280	success
home_window	window	android\app\src\main\res\drawable\window.webp	WEBP	340	294	True	True	Resources\LanguageImages.xcassets\window.imageset\window.png	340	294	True	True	8896	40782	success
other_wizard	wizard	android\app\src\main\res\drawable\wizard.webp	WEBP	276	402	True	True	Resources\LanguageImages.xcassets\wizard.imageset\wizard.png	276	402	True	True	31138	119534	success
animals_wolf	wolf	android\app\src\main\res\drawable\wolf.webp	WEBP	320	290	True	True	Resources\LanguageImages.xcassets\wolf.imageset\wolf.png	320	290	True	True	13282	59648	success
people_woman	woman	android\app\src\main\res\drawable\woman.webp	WEBP	264	338	True	True	Resources\LanguageImages.xcassets\woman.imageset\woman.png	264	338	True	True	11550	69975	success
verbs_write	write	android\app\src\main\res\drawable\write.webp	WEBP	358	310	True	True	Resources\LanguageImages.xcassets\write.imageset\write.png	358	310	True	True	10678	46180	success
colors_yellow	yellow	android\app\src\main\res\drawable\yellow.webp	WEBP	282	317	True	True	Resources\LanguageImages.xcassets\yellow.imageset\yellow.png	282	317	True	True	11882	46885	success
food_yogurt	yogurt	android\app\src\main\res\drawable\yogurt.webp	WEBP	247	284	True	True	Resources\LanguageImages.xcassets\yogurt.imageset\yogurt.png	247	284	True	True	10664	50036	success
animals_zebra	zebra	android\app\src\main\res\drawable\zebra.webp	WEBP	298	433	True	True	Resources\LanguageImages.xcassets\zebra.imageset\zebra.png	298	433	True	True	33180	157791	success
vegetables_zucchini	zucchini	android\app\src\main\res\drawable\zucchini.webp	WEBP	433	278	True	True	Resources\LanguageImages.xcassets\zucchini.imageset\zucchini.png	433	278	True	True	27290	163617	success
