stableKey	assetKey	provider	sourceVersion	sourceContainerPath	sourceContainerBytes	sourceContainerSHA256	sourceEntry	sourceBytes	sourceSHA256	sourceURL	license	licenseURL	retrievedDate	outputPath	outputBytes	outputSHA256	width	height	renderMethod	status
countries_argentina	argentina	flag-icons	fe15c16e7463d0c66d6c5730e9d0e832438d98e1	artwork-staging\trusted-sources\flag-icons-fe15c16e7463d0c66d6c5730e9d0e832438d98e1.zip	1530479	3BBFF7E5361EADD7E88F226B70CB6BE90CAF81C655F95AA24A2B8E703D141598	flags/4x3/ar.svg	3467	6525D9B1C1E3D204BFD03E3E697812F501920C7ACBD0B5ABA950E7532860BFA4	https://raw.githubusercontent.com/lipis/flag-icons/fe15c16e7463d0c66d6c5730e9d0e832438d98e1/flags/4x3/ar.svg	MIT	https://raw.githubusercontent.com/lipis/flag-icons/fe15c16e7463d0c66d6c5730e9d0e832438d98e1/LICENSE	2026-09-12	Resources\LanguageImages.xcassets\argentina.imageset\argentina.png	42108	B42550BA770BDD809A4764C1D0A4625418513DD60DB9ADB7DC738E5FF2FF5243	1024	1024	pinned SVG rendered by Microsoft Edge into a centered 800x600 transparent canvas	success
countries_australia	australia	flag-icons	fe15c16e7463d0c66d6c5730e9d0e832438d98e1	artwork-staging\trusted-sources\flag-icons-fe15c16e7463d0c66d6c5730e9d0e832438d98e1.zip	1530479	3BBFF7E5361EADD7E88F226B70CB6BE90CAF81C655F95AA24A2B8E703D141598	flags/4x3/au.svg	1296	CBB2206C5E59A25D79228306AF973666A191E163F0AE337681F447977E6EDB18	https://raw.githubusercontent.com/lipis/flag-icons/fe15c16e7463d0c66d6c5730e9d0e832438d98e1/flags/4x3/au.svg	MIT	https://raw.githubusercontent.com/lipis/flag-icons/fe15c16e7463d0c66d6c5730e9d0e832438d98e1/LICENSE	2026-09-12	Resources\LanguageImages.xcassets\australia.imageset\australia.png	35191	E71E6DF8D5C76B75D16700C210DCD03C5C20C25B6D499EDBF2F55435976BFD49	1024	1024	pinned SVG rendered by Microsoft Edge into a centered 800x600 transparent canvas	success
countries_belgium	belgium	flag-icons	fe15c16e7463d0c66d6c5730e9d0e832438d98e1	artwork-staging\trusted-sources\flag-icons-fe15c16e7463d0c66d6c5730e9d0e832438d98e1.zip	1530479	3BBFF7E5361EADD7E88F226B70CB6BE90CAF81C655F95AA24A2B8E703D141598	flags/4x3/be.svg	302	D6AFF6FA4C913404EAFD53F91C0A9B240FCECADDC8F0AC2160D362E38469342C	https://raw.githubusercontent.com/lipis/flag-icons/fe15c16e7463d0c66d6c5730e9d0e832438d98e1/flags/4x3/be.svg	MIT	https://raw.githubusercontent.com/lipis/flag-icons/fe15c16e7463d0c66d6c5730e9d0e832438d98e1/LICENSE	2026-09-12	Resources\LanguageImages.xcassets\belgium.imageset\belgium.png	11982	933EDA3DC85FFC3EA95284DCB42D61CF9A2722B92CE329B04F7606D37BFB0204	1024	1024	pinned SVG rendered by Microsoft Edge into a centered 800x600 transparent canvas	success
countries_brazil	brazil	flag-icons	fe15c16e7463d0c66d6c5730e9d0e832438d98e1	artwork-staging\trusted-sources\flag-icons-fe15c16e7463d0c66d6c5730e9d0e832438d98e1.zip	1530479	3BBFF7E5361EADD7E88F226B70CB6BE90CAF81C655F95AA24A2B8E703D141598	flags/4x3/br.svg	7167	D079A828BE244AFBFEFCCAE98370AE404766E62E4716CB3E0EF2D9EED487B390	https://raw.githubusercontent.com/lipis/flag-icons/fe15c16e7463d0c66d6c5730e9d0e832438d98e1/flags/4x3/br.svg	MIT	https://raw.githubusercontent.com/lipis/flag-icons/fe15c16e7463d0c66d6c5730e9d0e832438d98e1/LICENSE	2026-09-12	Resources\LanguageImages.xcassets\brazil.imageset\brazil.png	43536	1BF172B35E15FDB61112A59E8BB341114303871A48F4A8F8880770535B6410B3	1024	1024	pinned SVG rendered by Microsoft Edge into a centered 800x600 transparent canvas	success
countries_bulgaria	bulgaria	flag-icons	fe15c16e7463d0c66d6c5730e9d0e832438d98e1	artwork-staging\trusted-sources\flag-icons-fe15c16e7463d0c66d6c5730e9d0e832438d98e1.zip	1530479	3BBFF7E5361EADD7E88F226B70CB6BE90CAF81C655F95AA24A2B8E703D141598	flags/4x3/bg.svg	225	B6D979FC96DC6B46C1697A5E05ECFE1FAC1FA912ED480CA7A2A9B450F087FAF6	https://raw.githubusercontent.com/lipis/flag-icons/fe15c16e7463d0c66d6c5730e9d0e832438d98e1/flags/4x3/bg.svg	MIT	https://raw.githubusercontent.com/lipis/flag-icons/fe15c16e7463d0c66d6c5730e9d0e832438d98e1/LICENSE	2026-09-12	Resources\LanguageImages.xcassets\bulgaria.imageset\bulgaria.png	7885	4D43626E1270DEA50B36A4A9BE3FE14F2ADE16EA18880D42E0A32591E1567353	1024	1024	pinned SVG rendered by Microsoft Edge into a centered 800x600 transparent canvas	success
countries_chile	chile	flag-icons	fe15c16e7463d0c66d6c5730e9d0e832438d98e1	artwork-staging\trusted-sources\flag-icons-fe15c16e7463d0c66d6c5730e9d0e832438d98e1.zip	1530479	3BBFF7E5361EADD7E88F226B70CB6BE90CAF81C655F95AA24A2B8E703D141598	flags/4x3/cl.svg	552	BCF0CCDF0999A1CD82061202988E1F6088C2070E3E76794D67CB375EF325EF76	https://raw.githubusercontent.com/lipis/flag-icons/fe15c16e7463d0c66d6c5730e9d0e832438d98e1/flags/4x3/cl.svg	MIT	https://raw.githubusercontent.com/lipis/flag-icons/fe15c16e7463d0c66d6c5730e9d0e832438d98e1/LICENSE	2026-09-12	Resources\LanguageImages.xcassets\chile.imageset\chile.png	13361	B8C7FE1A4F40E94F0AF41E0D00F2B4A026B95036A3060D3B23D16A15883164D0	1024	1024	pinned SVG rendered by Microsoft Edge into a centered 800x600 transparent canvas	success
countries_cyprus	cyprus	flag-icons	fe15c16e7463d0c66d6c5730e9d0e832438d98e1	artwork-staging\trusted-sources\flag-icons-fe15c16e7463d0c66d6c5730e9d0e832438d98e1.zip	1530479	3BBFF7E5361EADD7E88F226B70CB6BE90CAF81C655F95AA24A2B8E703D141598	flags/4x3/cy.svg	5466	D2DDF86C24E9D4DC4E2F5CD298B189B9D04A08C0F6497C35249F07D6F1969E33	https://raw.githubusercontent.com/lipis/flag-icons/fe15c16e7463d0c66d6c5730e9d0e832438d98e1/flags/4x3/cy.svg	MIT	https://raw.githubusercontent.com/lipis/flag-icons/fe15c16e7463d0c66d6c5730e9d0e832438d98e1/LICENSE	2026-09-12	Resources\LanguageImages.xcassets\cyprus.imageset\cyprus.png	27472	6D0999AEAA6797BDA2A22F681A073521A5B1392317013310FA820D4B023BAC48	1024	1024	pinned SVG rendered by Microsoft Edge into a centered 800x600 transparent canvas	success
countries_czech_republic	czech_republic	flag-icons	fe15c16e7463d0c66d6c5730e9d0e832438d98e1	artwork-staging\trusted-sources\flag-icons-fe15c16e7463d0c66d6c5730e9d0e832438d98e1.zip	1530479	3BBFF7E5361EADD7E88F226B70CB6BE90CAF81C655F95AA24A2B8E703D141598	flags/4x3/cz.svg	225	D601FCC2E5B1FD48B79D53C55108AF4C0E90793F146DB51F3EE449D8D69512BC	https://raw.githubusercontent.com/lipis/flag-icons/fe15c16e7463d0c66d6c5730e9d0e832438d98e1/flags/4x3/cz.svg	MIT	https://raw.githubusercontent.com/lipis/flag-icons/fe15c16e7463d0c66d6c5730e9d0e832438d98e1/LICENSE	2026-09-12	Resources\LanguageImages.xcassets\czech_republic.imageset\czech_republic.png	10988	4EA8C02A4B408ABC9112D3279EE6D764147BB5DF230D174570E839888074AEDC	1024	1024	pinned SVG rendered by Microsoft Edge into a centered 800x600 transparent canvas	success
countries_denmark	denmark	flag-icons	fe15c16e7463d0c66d6c5730e9d0e832438d98e1	artwork-staging\trusted-sources\flag-icons-fe15c16e7463d0c66d6c5730e9d0e832438d98e1.zip	1530479	3BBFF7E5361EADD7E88F226B70CB6BE90CAF81C655F95AA24A2B8E703D141598	flags/4x3/dk.svg	236	D2847C0BD7A1FB97977EE51F2F618C5EBC5898DD66EF9804F187613C27BDCA1A	https://raw.githubusercontent.com/lipis/flag-icons/fe15c16e7463d0c66d6c5730e9d0e832438d98e1/flags/4x3/dk.svg	MIT	https://raw.githubusercontent.com/lipis/flag-icons/fe15c16e7463d0c66d6c5730e9d0e832438d98e1/LICENSE	2026-09-12	Resources\LanguageImages.xcassets\denmark.imageset\denmark.png	11393	4E9E0274B2330ECFF3134FA40DB7B9A78B52E8328309122063ACF192DFD4BBA0	1024	1024	pinned SVG rendered by Microsoft Edge into a centered 800x600 transparent canvas	success
countries_egypt	egypt	flag-icons	fe15c16e7463d0c66d6c5730e9d0e832438d98e1	artwork-staging\trusted-sources\flag-icons-fe15c16e7463d0c66d6c5730e9d0e832438d98e1.zip	1530479	3BBFF7E5361EADD7E88F226B70CB6BE90CAF81C655F95AA24A2B8E703D141598	flags/4x3/eg.svg	8846	A12E12117153B4E96EE31B759EE9CCC1CB4691E0929823E8CCB782BDF57B2BEB	https://raw.githubusercontent.com/lipis/flag-icons/fe15c16e7463d0c66d6c5730e9d0e832438d98e1/flags/4x3/eg.svg	MIT	https://raw.githubusercontent.com/lipis/flag-icons/fe15c16e7463d0c66d6c5730e9d0e832438d98e1/LICENSE	2026-09-12	Resources\LanguageImages.xcassets\egypt.imageset\egypt.png	34432	E0EC55DE1413AA04C09949DF8B24402B9118834BB60748A5B0A493F5690819C5	1024	1024	pinned SVG rendered by Microsoft Edge into a centered 800x600 transparent canvas	success
countries_finland	finland	flag-icons	fe15c16e7463d0c66d6c5730e9d0e832438d98e1	artwork-staging\trusted-sources\flag-icons-fe15c16e7463d0c66d6c5730e9d0e832438d98e1.zip	1530479	3BBFF7E5361EADD7E88F226B70CB6BE90CAF81C655F95AA24A2B8E703D141598	flags/4x3/fi.svg	234	012EDD984CF1879463C2855B7DF02DEA2F7DE7F7A66B244FB1E22B4227F7AA65	https://raw.githubusercontent.com/lipis/flag-icons/fe15c16e7463d0c66d6c5730e9d0e832438d98e1/flags/4x3/fi.svg	MIT	https://raw.githubusercontent.com/lipis/flag-icons/fe15c16e7463d0c66d6c5730e9d0e832438d98e1/LICENSE	2026-09-12	Resources\LanguageImages.xcassets\finland.imageset\finland.png	10166	3490A3B04D329E7DEAD914750D520D5441E535BCE836DC78115B44E4FDF1FE86	1024	1024	pinned SVG rendered by Microsoft Edge into a centered 800x600 transparent canvas	success
countries_germany	germany	flag-icons	fe15c16e7463d0c66d6c5730e9d0e832438d98e1	artwork-staging\trusted-sources\flag-icons-fe15c16e7463d0c66d6c5730e9d0e832438d98e1.zip	1530479	3BBFF7E5361EADD7E88F226B70CB6BE90CAF81C655F95AA24A2B8E703D141598	flags/4x3/de.svg	221	EFD480AF5A154A7651F29DA23EE0D09DBC892410FB4041898DDF8FACE336C575	https://raw.githubusercontent.com/lipis/flag-icons/fe15c16e7463d0c66d6c5730e9d0e832438d98e1/flags/4x3/de.svg	MIT	https://raw.githubusercontent.com/lipis/flag-icons/fe15c16e7463d0c66d6c5730e9d0e832438d98e1/LICENSE	2026-09-12	Resources\LanguageImages.xcassets\germany.imageset\germany.png	8206	5D6515049561E8CFCE6C6205C9AA9BD97E61E123AF18BD2A9C4BE7C565329766	1024	1024	pinned SVG rendered by Microsoft Edge into a centered 800x600 transparent canvas	success
countries_greece	greece	flag-icons	fe15c16e7463d0c66d6c5730e9d0e832438d98e1	artwork-staging\trusted-sources\flag-icons-fe15c16e7463d0c66d6c5730e9d0e832438d98e1.zip	1530479	3BBFF7E5361EADD7E88F226B70CB6BE90CAF81C655F95AA24A2B8E703D141598	flags/4x3/gr.svg	868	A184070F7678B06777BE8AC38CB05BA41829591A6DAC9B64B2B72DB66AEC82F5	https://raw.githubusercontent.com/lipis/flag-icons/fe15c16e7463d0c66d6c5730e9d0e832438d98e1/flags/4x3/gr.svg	MIT	https://raw.githubusercontent.com/lipis/flag-icons/fe15c16e7463d0c66d6c5730e9d0e832438d98e1/LICENSE	2026-09-12	Resources\LanguageImages.xcassets\greece.imageset\greece.png	10243	7D2F87BADE4257D554F54D516596242EA405D0FA5D0D5B4BF230390F9EF9FD8C	1024	1024	pinned SVG rendered by Microsoft Edge into a centered 800x600 transparent canvas	success
countries_hungary	hungary	flag-icons	fe15c16e7463d0c66d6c5730e9d0e832438d98e1	artwork-staging\trusted-sources\flag-icons-fe15c16e7463d0c66d6c5730e9d0e832438d98e1.zip	1530479	3BBFF7E5361EADD7E88F226B70CB6BE90CAF81C655F95AA24A2B8E703D141598	flags/4x3/hu.svg	271	FFC4EDD580D4B9789BEE68F33CEF24AFE826AE571464350FE7B98C7A36B4FF8F	https://raw.githubusercontent.com/lipis/flag-icons/fe15c16e7463d0c66d6c5730e9d0e832438d98e1/flags/4x3/hu.svg	MIT	https://raw.githubusercontent.com/lipis/flag-icons/fe15c16e7463d0c66d6c5730e9d0e832438d98e1/LICENSE	2026-09-12	Resources\LanguageImages.xcassets\hungary.imageset\hungary.png	8272	56C00DD01572839D9B731E7C30954DFA7F3DDC5E04294A302B296FCF5D1CBC1D	1024	1024	pinned SVG rendered by Microsoft Edge into a centered 800x600 transparent canvas	success
countries_israel	israel	flag-icons	fe15c16e7463d0c66d6c5730e9d0e832438d98e1	artwork-staging\trusted-sources\flag-icons-fe15c16e7463d0c66d6c5730e9d0e832438d98e1.zip	1530479	3BBFF7E5361EADD7E88F226B70CB6BE90CAF81C655F95AA24A2B8E703D141598	flags/4x3/il.svg	834	04A099AC4370B5E856F5F8D44CE0822EC47A6D3BC395A7D048D3A46D69274D68	https://raw.githubusercontent.com/lipis/flag-icons/fe15c16e7463d0c66d6c5730e9d0e832438d98e1/flags/4x3/il.svg	MIT	https://raw.githubusercontent.com/lipis/flag-icons/fe15c16e7463d0c66d6c5730e9d0e832438d98e1/LICENSE	2026-09-12	Resources\LanguageImages.xcassets\israel.imageset\israel.png	20725	FDF851AA167D8DD6E22297DFB51ADF75F75F3A194D6658A318FAB64AEF7C3B2D	1024	1024	pinned SVG rendered by Microsoft Edge into a centered 800x600 transparent canvas	success
countries_italy	italy	flag-icons	fe15c16e7463d0c66d6c5730e9d0e832438d98e1	artwork-staging\trusted-sources\flag-icons-fe15c16e7463d0c66d6c5730e9d0e832438d98e1.zip	1530479	3BBFF7E5361EADD7E88F226B70CB6BE90CAF81C655F95AA24A2B8E703D141598	flags/4x3/it.svg	289	9FA88118818D9B64838F578E2BABCCA3D0630AED21B5C33B34AFF7AC5CE506BC	https://raw.githubusercontent.com/lipis/flag-icons/fe15c16e7463d0c66d6c5730e9d0e832438d98e1/flags/4x3/it.svg	MIT	https://raw.githubusercontent.com/lipis/flag-icons/fe15c16e7463d0c66d6c5730e9d0e832438d98e1/LICENSE	2026-09-12	Resources\LanguageImages.xcassets\italy.imageset\italy.png	11752	F9B686F007A976152557032A8FA4D276583CFF1C9A4815B21DF1AD1507B3BA69	1024	1024	pinned SVG rendered by Microsoft Edge into a centered 800x600 transparent canvas	success
countries_liechtenstein	liechtenstein	flag-icons	fe15c16e7463d0c66d6c5730e9d0e832438d98e1	artwork-staging\trusted-sources\flag-icons-fe15c16e7463d0c66d6c5730e9d0e832438d98e1.zip	1530479	3BBFF7E5361EADD7E88F226B70CB6BE90CAF81C655F95AA24A2B8E703D141598	flags/4x3/li.svg	7413	7F5CE788B77419B5C7DDB42CB953E57494EBA84302E4A7253CB89F4B42EBD69C	https://raw.githubusercontent.com/lipis/flag-icons/fe15c16e7463d0c66d6c5730e9d0e832438d98e1/flags/4x3/li.svg	MIT	https://raw.githubusercontent.com/lipis/flag-icons/fe15c16e7463d0c66d6c5730e9d0e832438d98e1/LICENSE	2026-09-12	Resources\LanguageImages.xcassets\liechtenstein.imageset\liechtenstein.png	31526	8A7F952FD8332916444DDEE80BD50E872F11C7AE82BC07592B1E1BAEEACFA23E	1024	1024	pinned SVG rendered by Microsoft Edge into a centered 800x600 transparent canvas	success
countries_luxembourg	luxembourg	flag-icons	fe15c16e7463d0c66d6c5730e9d0e832438d98e1	artwork-staging\trusted-sources\flag-icons-fe15c16e7463d0c66d6c5730e9d0e832438d98e1.zip	1530479	3BBFF7E5361EADD7E88F226B70CB6BE90CAF81C655F95AA24A2B8E703D141598	flags/4x3/lu.svg	225	A0A530E396AC2E2490D32D432A89C08A3D35081816BA089241B9B2B2A76A049E	https://raw.githubusercontent.com/lipis/flag-icons/fe15c16e7463d0c66d6c5730e9d0e832438d98e1/flags/4x3/lu.svg	MIT	https://raw.githubusercontent.com/lipis/flag-icons/fe15c16e7463d0c66d6c5730e9d0e832438d98e1/LICENSE	2026-09-12	Resources\LanguageImages.xcassets\luxembourg.imageset\luxembourg.png	7884	2A95041090BCDB3D25481323DBB42F9C46CB1F810887B493B28EB5EF0995577F	1024	1024	pinned SVG rendered by Microsoft Edge into a centered 800x600 transparent canvas	success
countries_monaco	monaco	flag-icons	fe15c16e7463d0c66d6c5730e9d0e832438d98e1	artwork-staging\trusted-sources\flag-icons-fe15c16e7463d0c66d6c5730e9d0e832438d98e1.zip	1530479	3BBFF7E5361EADD7E88F226B70CB6BE90CAF81C655F95AA24A2B8E703D141598	flags/4x3/mc.svg	234	690C23FE64B6AC71770657FD87F744B88196A7853ABB28017B5BFF54473AE0DA	https://raw.githubusercontent.com/lipis/flag-icons/fe15c16e7463d0c66d6c5730e9d0e832438d98e1/flags/4x3/mc.svg	MIT	https://raw.githubusercontent.com/lipis/flag-icons/fe15c16e7463d0c66d6c5730e9d0e832438d98e1/LICENSE	2026-09-12	Resources\LanguageImages.xcassets\monaco.imageset\monaco.png	8090	6CBE9D08258099368B3ECB20856B63D09238A7D954C437E5F64F2E8DCA9B9EEA	1024	1024	pinned SVG rendered by Microsoft Edge into a centered 800x600 transparent canvas	success
countries_netherlands	netherlands	flag-icons	fe15c16e7463d0c66d6c5730e9d0e832438d98e1	artwork-staging\trusted-sources\flag-icons-fe15c16e7463d0c66d6c5730e9d0e832438d98e1.zip	1530479	3BBFF7E5361EADD7E88F226B70CB6BE90CAF81C655F95AA24A2B8E703D141598	flags/4x3/nl.svg	225	8F691F17FE70894537AF8E92F2CA47761D353639B0DEFC15CBE561EB503AB010	https://raw.githubusercontent.com/lipis/flag-icons/fe15c16e7463d0c66d6c5730e9d0e832438d98e1/flags/4x3/nl.svg	MIT	https://raw.githubusercontent.com/lipis/flag-icons/fe15c16e7463d0c66d6c5730e9d0e832438d98e1/LICENSE	2026-09-12	Resources\LanguageImages.xcassets\netherlands.imageset\netherlands.png	8258	64BF97B09C4A6CE99FC2ED2208075F58DDC48B0ED413424B3114D0585CD4E346	1024	1024	pinned SVG rendered by Microsoft Edge into a centered 800x600 transparent canvas	success
countries_norway	norway	flag-icons	fe15c16e7463d0c66d6c5730e9d0e832438d98e1	artwork-staging\trusted-sources\flag-icons-fe15c16e7463d0c66d6c5730e9d0e832438d98e1.zip	1530479	3BBFF7E5361EADD7E88F226B70CB6BE90CAF81C655F95AA24A2B8E703D141598	flags/4x3/no.svg	318	CEEA17AF051DCEEFD5759A824213EB40AC8A8095AA88A6874A7BBC8DE637357A	https://raw.githubusercontent.com/lipis/flag-icons/fe15c16e7463d0c66d6c5730e9d0e832438d98e1/flags/4x3/no.svg	MIT	https://raw.githubusercontent.com/lipis/flag-icons/fe15c16e7463d0c66d6c5730e9d0e832438d98e1/LICENSE	2026-09-12	Resources\LanguageImages.xcassets\norway.imageset\norway.png	11800	B7F40C544AF9343BD0B273F90854DC882DD369630115CA8F5487048AABC3E80D	1024	1024	pinned SVG rendered by Microsoft Edge into a centered 800x600 transparent canvas	success
countries_poland	poland	flag-icons	fe15c16e7463d0c66d6c5730e9d0e832438d98e1	artwork-staging\trusted-sources\flag-icons-fe15c16e7463d0c66d6c5730e9d0e832438d98e1.zip	1530479	3BBFF7E5361EADD7E88F226B70CB6BE90CAF81C655F95AA24A2B8E703D141598	flags/4x3/pl.svg	219	369BB3E14EE718DF1EE15FD2FB3AD0DAE713F78F622E277710FB2B30A313F2AA	https://raw.githubusercontent.com/lipis/flag-icons/fe15c16e7463d0c66d6c5730e9d0e832438d98e1/flags/4x3/pl.svg	MIT	https://raw.githubusercontent.com/lipis/flag-icons/fe15c16e7463d0c66d6c5730e9d0e832438d98e1/LICENSE	2026-09-12	Resources\LanguageImages.xcassets\poland.imageset\poland.png	8090	52F55CC594C21BD79F484C3063760C1CADFC1536243395B12599B7AE8FDAA741	1024	1024	pinned SVG rendered by Microsoft Edge into a centered 800x600 transparent canvas	success
countries_portugal	portugal	flag-icons	fe15c16e7463d0c66d6c5730e9d0e832438d98e1	artwork-staging\trusted-sources\flag-icons-fe15c16e7463d0c66d6c5730e9d0e832438d98e1.zip	1530479	3BBFF7E5361EADD7E88F226B70CB6BE90CAF81C655F95AA24A2B8E703D141598	flags/4x3/pt.svg	8016	79FB7F58A45DCEF3F1149742FAB8817068D962EBEB3179308B72C3ED1F73D4E4	https://raw.githubusercontent.com/lipis/flag-icons/fe15c16e7463d0c66d6c5730e9d0e832438d98e1/flags/4x3/pt.svg	MIT	https://raw.githubusercontent.com/lipis/flag-icons/fe15c16e7463d0c66d6c5730e9d0e832438d98e1/LICENSE	2026-09-12	Resources\LanguageImages.xcassets\portugal.imageset\portugal.png	61223	E1AF43D3F659C32BAB74C4B10D224A43CD848092E8EC8BD33640F89B21C8BFA4	1024	1024	pinned SVG rendered by Microsoft Edge into a centered 800x600 transparent canvas	success
countries_romania	romania	flag-icons	fe15c16e7463d0c66d6c5730e9d0e832438d98e1	artwork-staging\trusted-sources\flag-icons-fe15c16e7463d0c66d6c5730e9d0e832438d98e1.zip	1530479	3BBFF7E5361EADD7E88F226B70CB6BE90CAF81C655F95AA24A2B8E703D141598	flags/4x3/ro.svg	302	17A3A747FC5E63302AAA670A667E5812F3676F46768E5A3E87B254BD41762840	https://raw.githubusercontent.com/lipis/flag-icons/fe15c16e7463d0c66d6c5730e9d0e832438d98e1/flags/4x3/ro.svg	MIT	https://raw.githubusercontent.com/lipis/flag-icons/fe15c16e7463d0c66d6c5730e9d0e832438d98e1/LICENSE	2026-09-12	Resources\LanguageImages.xcassets\romania.imageset\romania.png	12058	1F5176416D3FF4156477B2259C06E720D82E11DBC1E9D717FEB031585BD61FCA	1024	1024	pinned SVG rendered by Microsoft Edge into a centered 800x600 transparent canvas	success
countries_russia	russia	flag-icons	fe15c16e7463d0c66d6c5730e9d0e832438d98e1	artwork-staging\trusted-sources\flag-icons-fe15c16e7463d0c66d6c5730e9d0e832438d98e1.zip	1530479	3BBFF7E5361EADD7E88F226B70CB6BE90CAF81C655F95AA24A2B8E703D141598	flags/4x3/ru.svg	225	7100AAAE51FF3B6A2BF0CA932B3BC518BDC760814725E7CCA31D821A26C3DD7C	https://raw.githubusercontent.com/lipis/flag-icons/fe15c16e7463d0c66d6c5730e9d0e832438d98e1/flags/4x3/ru.svg	MIT	https://raw.githubusercontent.com/lipis/flag-icons/fe15c16e7463d0c66d6c5730e9d0e832438d98e1/LICENSE	2026-09-12	Resources\LanguageImages.xcassets\russia.imageset\russia.png	7885	D97CCD0CF7023442ADB1424037A7BF9A2CE0DBD9CC197531C60B5E8F78E23375	1024	1024	pinned SVG rendered by Microsoft Edge into a centered 800x600 transparent canvas	success
countries_san_marino	san_marino	flag-icons	fe15c16e7463d0c66d6c5730e9d0e832438d98e1	artwork-staging\trusted-sources\flag-icons-fe15c16e7463d0c66d6c5730e9d0e832438d98e1.zip	1530479	3BBFF7E5361EADD7E88F226B70CB6BE90CAF81C655F95AA24A2B8E703D141598	flags/4x3/sm.svg	15683	FC3388637C187533A086E1A25253CD96CE657BD7D105886624D21ADDB380AF16	https://raw.githubusercontent.com/lipis/flag-icons/fe15c16e7463d0c66d6c5730e9d0e832438d98e1/flags/4x3/sm.svg	MIT	https://raw.githubusercontent.com/lipis/flag-icons/fe15c16e7463d0c66d6c5730e9d0e832438d98e1/LICENSE	2026-09-12	Resources\LanguageImages.xcassets\san_marino.imageset\san_marino.png	87542	26AF58AB9FB50E9690F1146344844ECAA90581E1CDBE790C74B7FCE26058045E	1024	1024	pinned SVG rendered by Microsoft Edge into a centered 800x600 transparent canvas	success
countries_spain	spain	flag-icons	fe15c16e7463d0c66d6c5730e9d0e832438d98e1	artwork-staging\trusted-sources\flag-icons-fe15c16e7463d0c66d6c5730e9d0e832438d98e1.zip	1530479	3BBFF7E5361EADD7E88F226B70CB6BE90CAF81C655F95AA24A2B8E703D141598	flags/4x3/es.svg	81677	1D60AEBDD9ECFC669E11EA317A9F5BA8AF6A9D6B98A841B9F70D8243E65B60EB	https://raw.githubusercontent.com/lipis/flag-icons/fe15c16e7463d0c66d6c5730e9d0e832438d98e1/flags/4x3/es.svg	MIT	https://raw.githubusercontent.com/lipis/flag-icons/fe15c16e7463d0c66d6c5730e9d0e832438d98e1/LICENSE	2026-09-12	Resources\LanguageImages.xcassets\spain.imageset\spain.png	57405	5D40F56BE4EB9F0C18A47D59FDE73BAED81A5283FE197AAF21D3C58325C737CF	1024	1024	pinned SVG rendered by Microsoft Edge into a centered 800x600 transparent canvas	success
countries_sweden	sweden	flag-icons	fe15c16e7463d0c66d6c5730e9d0e832438d98e1	artwork-staging\trusted-sources\flag-icons-fe15c16e7463d0c66d6c5730e9d0e832438d98e1.zip	1530479	3BBFF7E5361EADD7E88F226B70CB6BE90CAF81C655F95AA24A2B8E703D141598	flags/4x3/se.svg	209	B3B5071E6C1D4A0E3DB828BAB5C7DFD68D0E90FCF3B25B15E9A2C4F96C1F79C9	https://raw.githubusercontent.com/lipis/flag-icons/fe15c16e7463d0c66d6c5730e9d0e832438d98e1/flags/4x3/se.svg	MIT	https://raw.githubusercontent.com/lipis/flag-icons/fe15c16e7463d0c66d6c5730e9d0e832438d98e1/LICENSE	2026-09-12	Resources\LanguageImages.xcassets\sweden.imageset\sweden.png	10687	DB654EBDC246086A5A608942823922B4C67A73B49CBC9795E917B6183583898C	1024	1024	pinned SVG rendered by Microsoft Edge into a centered 800x600 transparent canvas	success
countries_switzerland	switzerland	flag-icons	fe15c16e7463d0c66d6c5730e9d0e832438d98e1	artwork-staging\trusted-sources\flag-icons-fe15c16e7463d0c66d6c5730e9d0e832438d98e1.zip	1530479	3BBFF7E5361EADD7E88F226B70CB6BE90CAF81C655F95AA24A2B8E703D141598	flags/4x3/ch.svg	290	AC676CD39D7032988598EF2DD73F6BEBCD767738E3E469705D6A437835AC485C	https://raw.githubusercontent.com/lipis/flag-icons/fe15c16e7463d0c66d6c5730e9d0e832438d98e1/flags/4x3/ch.svg	MIT	https://raw.githubusercontent.com/lipis/flag-icons/fe15c16e7463d0c66d6c5730e9d0e832438d98e1/LICENSE	2026-09-12	Resources\LanguageImages.xcassets\switzerland.imageset\switzerland.png	10931	FBEC2BBA692BA26030EB3D1FAAB1AFE2770AA2EF387DAE2E6B39084FAEAD6DC3	1024	1024	pinned SVG rendered by Microsoft Edge into a centered 800x600 transparent canvas	success
countries_united_kingdom	united_kingdom	flag-icons	fe15c16e7463d0c66d6c5730e9d0e832438d98e1	artwork-staging\trusted-sources\flag-icons-fe15c16e7463d0c66d6c5730e9d0e832438d98e1.zip	1530479	3BBFF7E5361EADD7E88F226B70CB6BE90CAF81C655F95AA24A2B8E703D141598	flags/4x3/gb.svg	504	C8BE1E7208798A4AE692EE1E937065D498BB29E741943F6172B29118B8ED8066	https://raw.githubusercontent.com/lipis/flag-icons/fe15c16e7463d0c66d6c5730e9d0e832438d98e1/flags/4x3/gb.svg	MIT	https://raw.githubusercontent.com/lipis/flag-icons/fe15c16e7463d0c66d6c5730e9d0e832438d98e1/LICENSE	2026-09-12	Resources\LanguageImages.xcassets\united_kingdom.imageset\united_kingdom.png	35660	98AEE1A3AEA4A09F73C644ECD39F0B9BBEDE8187FC5F3D7E65FFBE58C116C3B7	1024	1024	pinned SVG rendered by Microsoft Edge into a centered 800x600 transparent canvas	success
countries_united_states	united_states	flag-icons	fe15c16e7463d0c66d6c5730e9d0e832438d98e1	artwork-staging\trusted-sources\flag-icons-fe15c16e7463d0c66d6c5730e9d0e832438d98e1.zip	1530479	3BBFF7E5361EADD7E88F226B70CB6BE90CAF81C655F95AA24A2B8E703D141598	flags/4x3/us.svg	648	E7BE4240CF57987926673708F09233BE1AB6BDF35ACC7B86BD32A263F197A2A7	https://raw.githubusercontent.com/lipis/flag-icons/fe15c16e7463d0c66d6c5730e9d0e832438d98e1/flags/4x3/us.svg	MIT	https://raw.githubusercontent.com/lipis/flag-icons/fe15c16e7463d0c66d6c5730e9d0e832438d98e1/LICENSE	2026-09-12	Resources\LanguageImages.xcassets\united_states.imageset\united_states.png	30538	3CF2BA5C95E38A4774D20D79C6C0B69775716E1D0457A961AC5FFB884866E0B5	1024	1024	pinned SVG rendered by Microsoft Edge into a centered 800x600 transparent canvas	success
countries_uruguay	uruguay	flag-icons	fe15c16e7463d0c66d6c5730e9d0e832438d98e1	artwork-staging\trusted-sources\flag-icons-fe15c16e7463d0c66d6c5730e9d0e832438d98e1.zip	1530479	3BBFF7E5361EADD7E88F226B70CB6BE90CAF81C655F95AA24A2B8E703D141598	flags/4x3/uy.svg	1724	47656C0BF4961A1F7233841EB78756CD45D074E7D4061B8A1217BBA7754A30FE	https://raw.githubusercontent.com/lipis/flag-icons/fe15c16e7463d0c66d6c5730e9d0e832438d98e1/flags/4x3/uy.svg	MIT	https://raw.githubusercontent.com/lipis/flag-icons/fe15c16e7463d0c66d6c5730e9d0e832438d98e1/LICENSE	2026-09-12	Resources\LanguageImages.xcassets\uruguay.imageset\uruguay.png	42484	AF22A11C2838E2EDB409D15BA2CA97BC8977894BE047A7874AA99400E0D32D09	1024	1024	pinned SVG rendered by Microsoft Edge into a centered 800x600 transparent canvas	success
geography_africa	africa	Natural Earth	ca96624a56bd078437bca8184e78163e5039ad19	artwork-staging\trusted-sources\ne_110m_admin_0_countries-ca96624a56bd078437bca8184e78163e5039ad19.geojson	838726	6866C877D39CBA9C357620878839B336D569F8C662D3CFAB4CB1DBE2D39C977F	features where CONTINENT=AFRICA	838726	6866C877D39CBA9C357620878839B336D569F8C662D3CFAB4CB1DBE2D39C977F	https://raw.githubusercontent.com/nvkelso/natural-earth-vector/ca96624a56bd078437bca8184e78163e5039ad19/geojson/ne_110m_admin_0_countries.geojson	Public Domain	https://www.naturalearthdata.com/about/terms-of-use/	2026-09-12	Resources\LanguageImages.xcassets\africa.imageset\africa.png	29104	9FAE3289D9F3600F0E69CFB36C870575DCDF02FBED2F1C5186A1EA8E5E0A3A52	1024	1024	African Natural Earth polygons merged into a centered teal silhouette and rendered by Microsoft Edge	success
